{
 "HIS7_YEAST_Pokusaeva_2019": {
  "struct_vs_topn": {
   "median_delta": -0.09271526063682389,
   "cliffs_delta": -0.88,
   "wilcoxon_p": 8.725603058798205e-11,
   "mean_verdict": "LOSE",
   "tail_outcome": "TAIL-NULL",
   "decision_cell": "AGAINST/REFUTE"
  },
  "struct_vs_ucb": {
   "median_delta": -0.08470580223784674,
   "cliffs_delta": -0.52,
   "wilcoxon_p": 4.7468405816529844e-07,
   "mean_verdict": "LOSE",
   "tail_outcome": "TAIL-ADV",
   "decision_cell": "MIXED"
  },
  "blend_vs_topn": {
   "median_delta": -0.04707632461999006,
   "cliffs_delta": -0.7824,
   "wilcoxon_p": 2.8583774154383123e-05,
   "mean_verdict": "LOSE",
   "tail_outcome": "TAIL-NULL",
   "decision_cell": "AGAINST/REFUTE"
  },
  "norm_best": {
   "topn": 0.9696871893000292,
   "ucb": 0.9416485098971912,
   "kuro_domain": 0.9696871893000292,
   "kuro_pareto": 0.9681358961240717,
   "embdiv": 0.8487624965217074,
   "kuro_ca": 0.8886727931640107,
   "kuro_domain_centroid": 0.9696871893000292,
   "kuro_pareto_centroid": 0.9766631372264587,
   "kuro_struct": 0.8886727931640107,
   "kuro_struct_blend": 0.9326592814441955
  },
  "cvar20": {
   "topn": 0.9210225366768915,
   "ucb": 0.8658479070508592,
   "kuro_domain": 0.9210225366768915,
   "kuro_pareto": 0.9159282112569176,
   "embdiv": 0.8487624965217074,
   "kuro_ca": 0.8886727931640106,
   "kuro_domain_centroid": 0.9210225366768915,
   "kuro_pareto_centroid": 0.9577634709289548,
   "kuro_struct": 0.8886727931640106,
   "kuro_struct_blend": 0.8886727931640106
  }
 },
 "GRB2_HUMAN_Faure_2021": {
  "struct_vs_topn": {
   "median_delta": -0.016957525603274237,
   "cliffs_delta": -0.52,
   "wilcoxon_p": 6.687572782977174e-06,
   "mean_verdict": "TIE",
   "tail_outcome": "TAIL-ADV",
   "decision_cell": "FOR-QUALIFIED"
  },
  "struct_vs_ucb": {
   "median_delta": -0.005493266713606837,
   "cliffs_delta": -0.16,
   "wilcoxon_p": 0.03321168634201308,
   "mean_verdict": "TIE",
   "tail_outcome": "TAIL-ADV",
   "decision_cell": "FOR-QUALIFIED"
  },
  "blend_vs_topn": {
   "median_delta": -0.006574375670461208,
   "cliffs_delta": -0.2416,
   "wilcoxon_p": 0.011873210540669109,
   "mean_verdict": "TIE",
   "tail_outcome": "TAIL-ADV",
   "decision_cell": "FOR-QUALIFIED"
  },
  "norm_best": {
   "topn": 0.8998336936319349,
   "ucb": 0.8549248738579124,
   "kuro_domain": 0.8330408358635638,
   "kuro_pareto": 0.9025510964094052,
   "embdiv": 0.8475363284604924,
   "kuro_ca": 0.8475363284604924,
   "kuro_domain_centroid": 0.8330408358635638,
   "kuro_pareto_centroid": 0.9137329367413645,
   "kuro_struct": 0.8475363284604924,
   "kuro_struct_blend": 0.8613472380860021
  },
  "cvar20": {
   "topn": 0.8330408358635639,
   "ucb": 0.8330408358635639,
   "kuro_domain": 0.8330408358635639,
   "kuro_pareto": 0.8330408358635639,
   "embdiv": 0.8475363284604924,
   "kuro_ca": 0.8475363284604924,
   "kuro_domain_centroid": 0.8330408358635639,
   "kuro_pareto_centroid": 0.8330408358635639,
   "kuro_struct": 0.8475363284604924,
   "kuro_struct_blend": 0.8443017976898659
  }
 },
 "RASK_HUMAN_Weng_2022_abundance": {
  "struct_vs_topn": {
   "median_delta": -0.05720018305232055,
   "cliffs_delta": -0.48,
   "wilcoxon_p": 1.8449632367400012e-07,
   "mean_verdict": "LOSE",
   "tail_outcome": "TAIL-ADV",
   "decision_cell": "MIXED"
  },
  "struct_vs_ucb": {
   "median_delta": -0.0792248684081246,
   "cliffs_delta": -0.6,
   "wilcoxon_p": 3.164541697219362e-08,
   "mean_verdict": "LOSE",
   "tail_outcome": "TAIL-NULL",
   "decision_cell": "AGAINST/REFUTE"
  },
  "blend_vs_topn": {
   "median_delta": 0.0,
   "cliffs_delta": -0.0284,
   "wilcoxon_p": 0.5430115955446171,
   "mean_verdict": "TIE",
   "tail_outcome": "TAIL-ADV",
   "decision_cell": "FOR-QUALIFIED"
  },
  "norm_best": {
   "topn": 0.9358792738320589,
   "ucb": 0.9418140991306251,
   "kuro_domain": 0.9324489502355386,
   "kuro_pareto": 0.9301389861860768,
   "embdiv": 0.8558560491042638,
   "kuro_ca": 0.8935981343490924,
   "kuro_domain_centroid": 0.9619936979325161,
   "kuro_pareto_centroid": 0.9417387118328997,
   "kuro_struct": 0.8935981343490924,
   "kuro_struct_blend": 0.931127062780576
  },
  "cvar20": {
   "topn": 0.8632318114011331,
   "ucb": 0.8641537816882419,
   "kuro_domain": 0.8604659005398073,
   "kuro_pareto": 0.8623098411140246,
   "embdiv": 0.8558560491042639,
   "kuro_ca": 0.8935981343490924,
   "kuro_domain_centroid": 0.8805290396654882,
   "kuro_pareto_centroid": 0.8633181387771813,
   "kuro_struct": 0.8935981343490924,
   "kuro_struct_blend": 0.8935981343490924
  }
 },
 "GCN4_YEAST_Staller_2018": {
  "struct_vs_topn": {
   "median_delta": 0.0,
   "cliffs_delta": -0.08,
   "wilcoxon_p": 0.05878172135535886,
   "mean_verdict": "TIE",
   "tail_outcome": "TAIL-NULL",
   "decision_cell": "INCONCLUSIVE"
  },
  "struct_vs_ucb": {
   "median_delta": 0.0,
   "cliffs_delta": -0.2,
   "wilcoxon_p": 0.004245585155691297,
   "mean_verdict": "TIE",
   "tail_outcome": "TAIL-NULL",
   "decision_cell": "INCONCLUSIVE"
  },
  "blend_vs_topn": {
   "median_delta": 0.0,
   "cliffs_delta": -0.0616,
   "wilcoxon_p": 0.07414989773822228,
   "mean_verdict": "TIE",
   "tail_outcome": "TAIL-NULL",
   "decision_cell": "INCONCLUSIVE"
  },
  "norm_best": {
   "topn": 0.45195635472428847,
   "ucb": 0.47398456725853483,
   "kuro_domain": 0.4464663061009264,
   "kuro_pareto": 0.45286079927758005,
   "embdiv": 1.0,
   "kuro_ca": 0.4213118730060544,
   "kuro_domain_centroid": 0.4213118730060544,
   "kuro_pareto_centroid": 0.49210524567847763,
   "kuro_struct": 0.4213118730060544,
   "kuro_struct_blend": 0.42131602054609035
  },
  "cvar20": {
   "topn": 0.42131187300605444,
   "ucb": 0.42131187300605444,
   "kuro_domain": 0.42131187300605444,
   "kuro_pareto": 0.42131187300605444,
   "embdiv": 1.0,
   "kuro_ca": 0.42131187300605444,
   "kuro_domain_centroid": 0.42131187300605444,
   "kuro_pareto_centroid": 0.42131187300605444,
   "kuro_struct": 0.42131187300605444,
   "kuro_struct_blend": 0.42131187300605444
  }
 },
 "PABP_YEAST_Melamed_2013": {
  "struct_vs_topn": {
   "median_delta": 0.03623662053835075,
   "cliffs_delta": 0.28,
   "wilcoxon_p": 0.33886458867193614,
   "mean_verdict": "TIE",
   "tail_outcome": "TAIL-ADV",
   "decision_cell": "FOR-QUALIFIED"
  },
  "struct_vs_ucb": {
   "median_delta": 0.03623662053835075,
   "cliffs_delta": 0.32,
   "wilcoxon_p": 0.6235983547595513,
   "mean_verdict": "TIE",
   "tail_outcome": "TAIL-ADV",
   "decision_cell": "FOR-QUALIFIED"
  },
  "blend_vs_topn": {
   "median_delta": 0.0001530523721362531,
   "cliffs_delta": 0.2536,
   "wilcoxon_p": 0.1815582113938703,
   "mean_verdict": "TIE",
   "tail_outcome": "TAIL-ADV",
   "decision_cell": "FOR-QUALIFIED"
  },
  "norm_best": {
   "topn": 0.871885761435664,
   "ucb": 0.8624918250392786,
   "kuro_domain": 0.7111455610296861,
   "kuro_pareto": 0.8199410890968809,
   "embdiv": 0.6717043001823562,
   "kuro_ca": 0.8518974251774065,
   "kuro_domain_centroid": 0.7111455610296861,
   "kuro_pareto_centroid": 0.8081870789120345,
   "kuro_struct": 0.8518974251774065,
   "kuro_struct_blend": 0.8320332959575937
  },
  "cvar20": {
   "topn": 0.7852787437118497,
   "ucb": 0.7611825613939089,
   "kuro_domain": 0.6717043001823563,
   "kuro_pareto": 0.756669059300392,
   "embdiv": 0.6717043001823563,
   "kuro_ca": 0.8518974251774066,
   "kuro_domain_centroid": 0.6717043001823563,
   "kuro_pareto_centroid": 0.762925745258486,
   "kuro_struct": 0.8518974251774066,
   "kuro_struct_blend": 0.8158138570111921
  }
 },
 "DLG4_HUMAN_Faure_2021": {
  "struct_vs_topn": {
   "median_delta": 0.026435133205246653,
   "cliffs_delta": 0.68,
   "wilcoxon_p": 8.345700333429495e-08,
   "mean_verdict": "TIE",
   "tail_outcome": "TAIL-ADV",
   "decision_cell": "FOR-QUALIFIED"
  },
  "struct_vs_ucb": {
   "median_delta": 0.0046712633116016145,
   "cliffs_delta": 0.68,
   "wilcoxon_p": 1.4354851599081758e-07,
   "mean_verdict": "TIE",
   "tail_outcome": "TAIL-ADV",
   "decision_cell": "FOR-QUALIFIED"
  },