round,reference,well,expected_mut,arm,verdict,aa_called,depth,minor_frac,notes
R3-1,amplicon,A1,S11I,A,PASS,S11I,,,
R3-1,amplicon,B1,S22T,A,PASS,S22T,,,
R3-1,amplicon,C1,N28S,A,PASS,N28S,,,
R3-1,amplicon,D1,S38F,A,PASS,S38F,,,
R3-1,amplicon,E1,D39E,A,PASS,D39E,,,
R3-1,amplicon,F1,E42D,A,PASS,E42D,,,
R3-1,amplicon,G1,I44L,A,PASS,I44L,,,
R3-1,amplicon,H1,D49E,A,PASS,D49E,,,
R3-1,amplicon,A2,K53I,A,PASS,K53I,,,
R3-1,amplicon,B2,V58I,A,PASS,V58I,,,
R3-1,amplicon,C2,R59C,A,PASS,R59C,,,
R3-1,amplicon,D2,R81C,A,PASS,R81C,,,
R3-1,amplicon,E2,R87K,A,PASS,R87K,,,
R3-1,amplicon,F2,I92D,A,PASS,I92D,,,
R3-1,amplicon,G2,I92M,A,PASS,I92M,,,
R3-1,amplicon,H2,R93C,A,PASS,R93C,,,
R3-1,amplicon,A3,A95P,A,PASS,A95P,,,
R3-1,amplicon,B3,A95M,A,PASS,A95M,,,
R3-1,amplicon,C3,A95Q,A,PASS,A95Q,,,
R3-1,amplicon,D3,R98A,A,PASS,R98A,,,
R3-1,amplicon,E3,R98T,A,PASS,R98T,,,
R3-1,amplicon,F3,G104D,A,PASS,G104D,,,
R3-1,amplicon,G3,G104E,A,MIXED,G104E,,,"mixed consensus signal: 2 positions, max_minor_allele_fraction=0.241"
R3-1,amplicon,H3,S112C,A,PASS,S112C,,,
R3-1,amplicon,A4,R124K,A,PASS,R124K,,,
R3-1,amplicon,B4,E129D,A,PASS,E129D,,,
R3-1,amplicon,C4,V130I,A,PASS,V130I,,,
R3-1,amplicon,D4,G137N,A,PASS,G137N,,,
R3-1,amplicon,E4,S158C,A,PASS,S158C,,,
R3-1,amplicon,F4,A176M,A,PASS,A176M,,,
R3-1,amplicon,G4,V178I,A,PASS,V178I,,,
R3-1,amplicon,H4,E186D,A,PASS,E186D,,,
R3-1,amplicon,A5,E190D,A,PASS,E190D,,,
R3-1,amplicon,B5,G193D,A,PASS,G193D,,,
R3-1,amplicon,C5,V200I,A,PASS,V200I,,,
R3-1,amplicon,D5,V200M,A,PASS,V200M,,,
R3-1,amplicon,E5,H209F,A,PASS,H209F,,,
R3-1,amplicon,F5,E216D,A,PASS,E216D,,,
R3-1,amplicon,G5,L219F,A,PASS,L219F,,,
R3-1,amplicon,H5,S220W,A,PASS,S220W,,,
R3-1,amplicon,A6,S220N,A,PASS,S220N,,,
R3-1,amplicon,B6,A223M,A,PASS,A223M,,,
R3-1,amplicon,C6,A223N,A,PASS,A223N,,,
R3-1,amplicon,D6,A223Q,A,PASS,A223Q,,,
R3-1,amplicon,E6,V233I,A,PASS,V233I,,,
R3-1,amplicon,F6,V248I,A,PASS,V248I,,,
R3-1,amplicon,G6,R254T,A,PASS,R254T,,,
R3-1,amplicon,H6,R258K,A,PASS,R258K,,,
R3-1,amplicon,A7,R262N,A,PASS,R262N,,,
R3-1,amplicon,B7,R262T,A,PASS,R262T,,,
R3-1,amplicon,C7,V263I,A,PASS,V263I,,,
R3-1,amplicon,D7,I277V,A,PASS,I277V,,,
R3-1,amplicon,E7,V284I,A,PASS,V284I,,,
R3-1,amplicon,F7,Q291E,A,PASS,Q291E,,,
R3-1,amplicon,G7,Q291N,A,PASS,Q291N,,,
R3-1,amplicon,H7,V315I,A,PASS,V315I,,,
R3-1,amplicon,A8,V329I,A,PASS,V329I,,,
R3-1,amplicon,B8,I337M,A,PASS,I337M,,,
R3-1,amplicon,C8,D342E,A,PASS,D342E,,,
R3-1,amplicon,D8,E365D,A,PASS,E365D,,,
R3-1,amplicon,E8,L371M,A,PASS,L371M,,,
R3-1,amplicon,F8,G405A,A,PASS,G405A,,,
R3-1,amplicon,G8,V424I,A,PASS,V424I,,,
R3-1,amplicon,H8,V425I,A,PASS,V425I,,,
R3-1,amplicon,A9,K429S,A,PASS,K429S,,,
R3-1,amplicon,B9,K429N,A,PASS,K429N,,,
R3-1,amplicon,C9,E432D,A,PASS,E432D,,,
R3-1,amplicon,D9,K438N,A,PASS,K438N,,,
R3-1,amplicon,E9,I443V,A,PASS,I443V,,,
R3-1,amplicon,F9,R445C,A,PASS,R445C,,,
R3-1,amplicon,G9,H448A,A,PASS,H448A,,,
R3-1,amplicon,H9,E496D,A,PASS,E496D,,,
R3-1,amplicon,A10,G507C,A,PASS,G507C,,,
R3-1,amplicon,B10,H531D,A,PASS,H531D,,,
R3-1,amplicon,C10,N532D,A,PASS,N532D,,,
R3-1,amplicon,D10,E541D,A,PASS,E541D,,,
R3-1,amplicon,E10,L542N,A,PASS,L542N,,,
R3-1,amplicon,F10,L542I,A,PASS,L542I,,,
R3-1,amplicon,G10,V550I,A,PASS,V550I,,,
R3-1,amplicon,H10,T552W,A,PASS,T552W,,,
R3-1,amplicon,A11,T552S,A,PASS,T552S,,,
R3-1,amplicon,B11,I555V,A,PASS,I555V,,,
R3-1,amplicon,C11,I555C,A,PASS,I555C,,,
R3-1,amplicon,D11,I555L,A,PASS,I555L,,,
R3-1,amplicon,E11,L556I,A,PASS,L556I,,,
R3-1,amplicon,F11,L556F,A,PASS,L556F,,,
R3-1,amplicon,G11,R560D,A,PASS,R560D,,,
R3-1,amplicon,H11,R560N,A,PASS,R560N,,,
R3-1,amplicon,A12,R560E,A,PASS,R560E,,,
R3-1,amplicon,B12,R560Q,A,PASS,R560Q,,,
R3-1,amplicon,C12,R560K,A,PASS,R560K,,,
R3-1,amplicon,D12,R560L,A,PASS,R560L,,,
R3-1,amplicon,E12,R560T,A,PASS,R560T,,,
R3-1,amplicon,F12,R560V,A,PASS,R560V,,,
R3-1,amplicon,G12,R560M,A,PASS,R560M,,,
R3-1,amplicon,H12,WT,A,LOWDEPTH,"V218A, L219P, Y316H",,,read_count=4 < min_read_count=30
R3-1,amplicon,A1,S11I,Ap,PASS,S11I,,,
R3-1,amplicon,B1,S22T,Ap,PASS,S22T,,,
R3-1,amplicon,C1,N28S,Ap,PASS,N28S,,,
R3-1,amplicon,D1,S38F,Ap,PASS,S38F,,,
R3-1,amplicon,E1,D39E,Ap,PASS,D39E,,,
R3-1,amplicon,F1,E42D,Ap,PASS,E42D,,,
R3-1,amplicon,G1,I44L,Ap,PASS,I44L,,,
R3-1,amplicon,H1,D49E,Ap,PASS,D49E,,,
R3-1,amplicon,A2,K53I,Ap,PASS,K53I,,,
R3-1,amplicon,B2,V58I,Ap,PASS,V58I,,,
R3-1,amplicon,C2,R59C,Ap,PASS,R59C,,,
R3-1,amplicon,D2,R81C,Ap,PASS,R81C,,,
R3-1,amplicon,E2,R87K,Ap,PASS,R87K,,,
R3-1,amplicon,F2,I92D,Ap,PASS,I92D,,,
R3-1,amplicon,G2,I92M,Ap,PASS,I92M,,,
R3-1,amplicon,H2,R93C,Ap,PASS,R93C,,,
R3-1,amplicon,A3,A95P,Ap,PASS,A95P,,,
R3-1,amplicon,B3,A95M,Ap,PASS,A95M,,,
R3-1,amplicon,C3,A95Q,Ap,PASS,A95Q,,,
R3-1,amplicon,D3,R98A,Ap,PASS,R98A,,,
R3-1,amplicon,E3,R98T,Ap,PASS,R98T,,,
R3-1,amplicon,F3,G104D,Ap,PASS,G104D,,,
R3-1,amplicon,G3,G104E,Ap,MIXED,G104E,,,"mixed consensus signal: 2 positions, max_minor_allele_fraction=0.234"
R3-1,amplicon,H3,S112C,Ap,PASS,S112C,,,
R3-1,amplicon,A4,R124K,Ap,PASS,R124K,,,
R3-1,amplicon,B4,E129D,Ap,PASS,E129D,,,
R3-1,amplicon,C4,V130I,Ap,PASS,V130I,,,
R3-1,amplicon,D4,G137N,Ap,PASS,G137N,,,
R3-1,amplicon,E4,S158C,Ap,PASS,S158C,,,
R3-1,amplicon,F4,A176M,Ap,PASS,A176M,,,
R3-1,amplicon,G4,V178I,Ap,PASS,V178I,,,
R3-1,amplicon,H4,E186D,Ap,PASS,E186D,,,
R3-1,amplicon,A5,E190D,Ap,PASS,E190D,,,
R3-1,amplicon,B5,G193D,Ap,PASS,G193D,,,
R3-1,amplicon,C5,V200I,Ap,PASS,V200I,,,
R3-1,amplicon,D5,V200M,Ap,PASS,V200M,,,
R3-1,amplicon,E5,H209F,Ap,PASS,H209F,,,
R3-1,amplicon,F5,E216D,Ap,PASS,E216D,,,
R3-1,amplicon,G5,L219F,Ap,PASS,L219F,,,
R3-1,amplicon,H5,S220W,Ap,PASS,S220W,,,
R3-1,amplicon,A6,S220N,Ap,PASS,S220N,,,
R3-1,amplicon,B6,A223M,Ap,PASS,A223M,,,
R3-1,amplicon,C6,A223N,Ap,PASS,A223N,,,
R3-1,amplicon,D6,A223Q,Ap,PASS,A223Q,,,
R3-1,amplicon,E6,V233I,Ap,PASS,V233I,,,
R3-1,amplicon,F6,V248I,Ap,PASS,V248I,,,
R3-1,amplicon,G6,R254T,Ap,PASS,R254T,,,
R3-1,amplicon,H6,R258K,Ap,PASS,R258K,,,
R3-1,amplicon,A7,R262N,Ap,PASS,R262N,,,
R3-1,amplicon,B7,R262T,Ap,PASS,R262T,,,
R3-1,amplicon,C7,V263I,Ap,PASS,V263I,,,
R3-1,amplicon,D7,I277V,Ap,PASS,I277V,,,
R3-1,amplicon,E7,V284I,Ap,PASS,V284I,,,
R3-1,amplicon,F7,Q291E,Ap,PASS,Q291E,,,
R3-1,amplicon,G7,Q291N,Ap,PASS,Q291N,,,
R3-1,amplicon,H7,V315I,Ap,PASS,V315I,,,
R3-1,amplicon,A8,V329I,Ap,PASS,V329I,,,
R3-1,amplicon,B8,I337M,Ap,PASS,I337M,,,
R3-1,amplicon,C8,D342E,Ap,PASS,D342E,,,
R3-1,amplicon,D8,E365D,Ap,PASS,E365D,,,
R3-1,amplicon,E8,L371M,Ap,PASS,L371M,,,
R3-1,amplicon,F8,G405A,Ap,PASS,G405A,,,
R3-1,amplicon,G8,V424I,Ap,PASS,V424I,,,
R3-1,amplicon,H8,V425I,Ap,PASS,V425I,,,
R3-1,amplicon,A9,K429S,Ap,PASS,K429S,,,
R3-1,amplicon,B9,K429N,Ap,PASS,K429N,,,
R3-1,amplicon,C9,E432D,Ap,PASS,E432D,,,
R3-1,amplicon,D9,K438N,Ap,PASS,K438N,,,
R3-1,amplicon,E9,I443V,Ap,PASS,I443V,,,
R3-1,amplicon,F9,R445C,Ap,PASS,R445C,,,
R3-1,amplicon,G9,H448A,Ap,PASS,H448A,,,
R3-1,amplicon,H9,E496D,Ap,PASS,E496D,,,
R3-1,amplicon,A10,G507C,Ap,PASS,G507C,,,
R3-1,amplicon,B10,H531D,Ap,PASS,H531D,,,
R3-1,amplicon,C10,N532D,Ap,PASS,N532D,,,
R3-1,amplicon,D10,E541D,Ap,PASS,E541D,,,
R3-1,amplicon,E10,L542N,Ap,PASS,L542N,,,
R3-1,amplicon,F10,L542I,Ap,PASS,L542I,,,
R3-1,amplicon,G10,V550I,Ap,PASS,V550I,,,
R3-1,amplicon,H10,T552W,Ap,PASS,T552W,,,
R3-1,amplicon,A11,T552S,Ap,PASS,T552S,,,
R3-1,amplicon,B11,I555V,Ap,PASS,I555V,,,
R3-1,amplicon,C11,I555C,Ap,PASS,I555C,,,
R3-1,amplicon,D11,I555L,Ap,PASS,I555L,,,
R3-1,amplicon,E11,L556I,Ap,PASS,L556I,,,
R3-1,amplicon,F11,L556F,Ap,PASS,L556F,,,
R3-1,amplicon,G11,R560D,Ap,PASS,R560D,,,
R3-1,amplicon,H11,R560N,Ap,PASS,R560N,,,
R3-1,amplicon,A12,R560E,Ap,PASS,R560E,,,
R3-1,amplicon,B12,R560Q,Ap,PASS,R560Q,,,
R3-1,amplicon,C12,R560K,Ap,PASS,R560K,,,
R3-1,amplicon,D12,R560L,Ap,PASS,R560L,,,
R3-1,amplicon,E12,R560T,Ap,PASS,R560T,,,
R3-1,amplicon,F12,R560V,Ap,PASS,R560V,,,
R3-1,amplicon,G12,R560M,Ap,PASS,R560M,,,
R3-1,amplicon,H12,WT,Ap,LOWDEPTH,,,,read_count=4 < min_read_count=30
R2,amplicon,A1,V5F,A,PASS,V5F,,,
R2,amplicon,B1,V10L,A,PASS,V10L,,,
R2,amplicon,C1,S11E,A,PASS,S11E,,,
R2,amplicon,D1,N28T,A,PASS,N28T,,,
R2,amplicon,E1,D31N,A,PASS,D31N,,,
R2,amplicon,F1,I44V,A,PASS,I44V,,,
R2,amplicon,G1,V46I,A,PASS,V46I,,,
R2,amplicon,H1,Y47F,A,PASS,Y47F,,,
R2,amplicon,A2,K53R,A,PASS,K53R,,,
R2,amplicon,B2,K53S,A,PASS,K53S,,,
R2,amplicon,C2,K53N,A,PASS,K53N,,,
R2,amplicon,D2,I62C,A,PASS,I62C,,,
R2,amplicon,E2,N63S,A,PASS,N63S,,,
R2,amplicon,F2,N63F,A,PASS,N63F,,,
R2,amplicon,G2,N64W,A,LOWDEPTH,,,,read_count=20 < min_read_count=30
R2,amplicon,H2,R87M,A,WRONG_AA,,,,missing expected: R87M
R2,amplicon,A3,R87P,A,WRONG_AA,,,,missing expected: R87P
R2,amplicon,B3,R93A,A,NO_CALL,F88L,,,"indel event signal: max_indel_event_fraction=0.954 > threshold=0.500; n_indel_event_positions=3 (deletion at single isolated position, run=1, review for alignment artifact); consensus_n_fraction=0.001 > max_consensus_n_fraction=0.000"
R2,amplicon,C3,V100F,A,PASS,V100F,,,
R2,amplicon,D3,V108F,A,PASS,V108F,,,
R2,amplicon,E3,V108I,A,PASS,V108I,,,
R2,amplicon,F3,V108L,A,PASS,V108L,,,
R2,amplicon,G3,S112M,A,LOWDEPTH,,,,read_count=17 < min_read_count=30
R2,amplicon,H3,R124W,A,PASS,R124W,,,
R2,amplicon,A4,Q132M,A,PASS,Q132M,,,
R2,amplicon,B4,Q132W,A,PASS,Q132W,,,
R2,amplicon,C4,H183W,A,PASS,H183W,,,
R2,amplicon,D4,E189D,A,PASS,E189D,,,
R2,amplicon,E4,H209C,A,PASS,H209C,,,
R2,amplicon,F4,Q213T,A,PASS,Q213T,,,
R2,amplicon,G4,R214P,A,PASS,R214P,,,
R2,amplicon,H4,L215F,A,PASS,L215F,,,
R2,amplicon,A5,V218L,A,NO_CALL,,,,"indel event signal: max_indel_event_fraction=0.963 > threshold=0.500; n_indel_event_positions=4 (deletion at single isolated position, run=1, review for alignment artifact); consensus_n_fraction=0.001 > max_consensus_n_fraction=0.000; no_call_aa=1"
R2,amplicon,B5,S220F,A,PASS,S220F,,,
R2,amplicon,C5,E222D,A,FRAMESHIFT,R225K,,,consensus net indel -1 bp not divisible by 3 (frameshift)
R2,amplicon,D5,R225K,A,PASS,R225K,,,
R2,amplicon,E5,R225L,A,PASS,R225L,,,
R2,amplicon,F5,R225Q,A,PASS,R225Q,,,
R2,amplicon,G5,K227I,A,PASS,K227I,,,
R2,amplicon,H5,E228D,A,NO_CALL,,,,"indel event signal: max_indel_event_fraction=0.937 > threshold=0.500; n_indel_event_positions=5 (deletion at single isolated position, run=1, review for alignment artifact); consensus_n_fraction=0.001 > max_consensus_n_fraction=0.000; no_call_aa=1"
R2,amplicon,A6,V248L,A,PASS,V248L,,,
R2,amplicon,B6,R251W,A,PASS,R251W,,,
R2,amplicon,C6,R254I,A,PASS,R254I,,,
R2,amplicon,D6,R254L,A,PASS,R254L,,,
R2,amplicon,E6,T256A,A,PASS,T256A,,,
R2,amplicon,F6,R261W,A,PASS,R261W,,,
R2,amplicon,G6,R261N,A,WRONG_AA,,,,missing expected: R261N
R2,amplicon,H6,T267W,A,PASS,T267W,,,
R2,amplicon,A7,T267H,A,PASS,T267H,,,
R2,amplicon,B7,H270N,A,PASS,H270N,,,
R2,amplicon,C7,V286I,A,PASS,V286I,,,
R2,amplicon,D7,V299I,A,PASS,V299I,,,
R2,amplicon,E7,I308V,A,PASS,I308V,,,
R2,amplicon,F7,V334I,A,PASS,V334I,,,
R2,amplicon,G7,D339E,A,PASS,D339E,,,
R2,amplicon,H7,L346F,A,PASS,L346F,,,
R2,amplicon,A8,Y360F,A,WRONG_AA,,,,missing expected: Y360F
R2,amplicon,B8,T397V,A,PASS,T397V,,,
R2,amplicon,C8,D401E,A,PASS,D401E,,,
R2,amplicon,D8,K409M,A,PASS,K409M,,,
R2,amplicon,E8,K409S,A,AMBIGUOUS,"F404L, K409S",,,F404L within window(±5 codon of 409)
R2,amplicon,F8,V424W,A,PASS,V424W,,,
R2,amplicon,G8,Q426D,A,PASS,Q426D,,,
R2,amplicon,H8,Q426E,A,PASS,Q426E,,,
R2,amplicon,A9,Q426N,A,PASS,Q426N,,,
R2,amplicon,B9,I428V,A,AMBIGUOUS,"A423P, I428V",,,A423P within window(±5 codon of 428)
R2,amplicon,C9,I442V,A,PASS,I442V,,,
R2,amplicon,D9,H448L,A,PASS,H448L,,,
R2,amplicon,E9,H448M,A,PASS,H448M,,,
R2,amplicon,F9,H448I,A,PASS,H448I,,,
R2,amplicon,G9,H448V,A,PASS,H448V,,,
R2,amplicon,H9,H448F,A,PASS,H448F,,,
R2,amplicon,A10,R477Q,A,PASS,R477Q,,,
R2,amplicon,B10,R477H,A,PASS,R477H,,,
R2,amplicon,C10,R477A,A,PASS,R477A,,,
R2,amplicon,D10,T478L,A,PASS,T478L,,,
R2,amplicon,E10,T478F,A,PASS,T478F,,,
R2,amplicon,F10,T478C,A,PASS,T478C,,,
R2,amplicon,G10,T487N,A,PASS,T487N,,,
R2,amplicon,H10,G508D,A,PASS,G508D,,,
R2,amplicon,A11,Q525N,A,PASS,Q525N,,,
R2,amplicon,B11,T537A,A,PASS,T537A,,,
R2,amplicon,C11,V547I,A,PASS,V547I,,,
R2,amplicon,D11,V550P,A,PASS,V550P,,,
R2,amplicon,E11,V550C,A,MIXED,"K545N, V550L",,,"mixed consensus signal: 1 positions, max_minor_allele_fraction=0.371"
R2,amplicon,F11,I551L,A,PASS,I551L,,,
R2,amplicon,G11,T552F,A,PASS,T552F,,,
R2,amplicon,H11,T552Y,A,PASS,T552Y,,,
R2,amplicon,A12,T552L,A,PASS,T552L,,,
R2,amplicon,B12,L556W,A,PASS,L556W,,,
R2,amplicon,C12,E559D,A,PASS,E559D,,,
R2,amplicon,D12,R560G,A,PASS,R560G,,,
R2,amplicon,E12,R560A,A,PASS,R560A,,,
R2,amplicon,F12,R560S,A,PASS,R560S,,,
R2,amplicon,G12,R560P,A,PASS,R560P,,,
R2,amplicon,H12,WT,A,PASS,,,,
R2,amplicon,A1,V5F,Ap,PASS,V5F,,,
R2,amplicon,B1,V10L,Ap,PASS,V10L,,,
R2,amplicon,C1,S11E,Ap,PASS,S11E,,,
R2,amplicon,D1,N28T,Ap,PASS,N28T,,,
R2,amplicon,E1,D31N,Ap,PASS,D31N,,,
R2,amplicon,F1,I44V,Ap,PASS,I44V,,,
R2,amplicon,G1,V46I,Ap,PASS,V46I,,,
R2,amplicon,H1,Y47F,Ap,PASS,Y47F,,,
R2,amplicon,A2,K53R,Ap,PASS,K53R,,,
R2,amplicon,B2,K53S,Ap,PASS,K53S,,,
R2,amplicon,C2,K53N,Ap,PASS,K53N,,,
R2,amplicon,D2,I62C,Ap,PASS,I62C,,,
R2,amplicon,E2,N63S,Ap,PASS,N63S,,,
R2,amplicon,F2,N63F,Ap,PASS,N63F,,,
R2,amplicon,G2,N64W,Ap,LOWDEPTH,,,,read_count=20 < min_read_count=30
R2,amplicon,H2,R87M,Ap,WRONG_AA,,,,missing expected: R87M
R2,amplicon,A3,R87P,Ap,WRONG_AA,,,,missing expected: R87P
R2,amplicon,B3,R93A,Ap,NO_CALL,F88L,,,"indel event signal: max_indel_event_fraction=0.990 > threshold=0.500; n_indel_event_positions=3 (deletion at single isolated position, run=1, review for alignment artifact); consensus_n_fraction=0.001 > max_consensus_n_fraction=0.000; low_quality_bases=444075"
R2,amplicon,C3,V100F,Ap,PASS,V100F,,,
R2,amplicon,D3,V108F,Ap,PASS,V108F,,,
R2,amplicon,E3,V108I,Ap,PASS,V108I,,,
R2,amplicon,F3,V108L,Ap,PASS,V108L,,,
R2,amplicon,G3,S112M,Ap,LOWDEPTH,,,,read_count=17 < min_read_count=30
R2,amplicon,H3,R124W,Ap,PASS,R124W,,,
R2,amplicon,A4,Q132M,Ap,PASS,Q132M,,,
R2,amplicon,B4,Q132W,Ap,PASS,Q132W,,,
R2,amplicon,C4,H183W,Ap,PASS,H183W,,,
R2,amplicon,D4,E189D,Ap,PASS,E189D,,,
R2,amplicon,E4,H209C,Ap,PASS,H209C,,,
R2,amplicon,F4,Q213T,Ap,PASS,Q213T,,,
R2,amplicon,G4,R214P,Ap,PASS,R214P,,,
R2,amplicon,H4,L215F,Ap,PASS,L215F,,,
R2,amplicon,A5,V218L,Ap,NO_CALL,,,,"indel event signal: max_indel_event_fraction=0.988 > threshold=0.500; n_indel_event_positions=5 (deletion at single isolated position, run=1, review for alignment artifact); consensus_n_fraction=0.001 > max_consensus_n_fraction=0.000; no_call_aa=1; low_quality_bases=256633"
R2,amplicon,B5,S220F,Ap,PASS,S220F,,,
R2,amplicon,C5,E222D,Ap,FRAMESHIFT,R225K,,,consensus net indel -1 bp not divisible by 3 (frameshift)
R2,amplicon,D5,R225K,Ap,PASS,R225K,,,
R2,amplicon,E5,R225L,Ap,PASS,R225L,,,
R2,amplicon,F5,R225Q,Ap,PASS,R225Q,,,
R2,amplicon,G5,K227I,Ap,PASS,K227I,,,
R2,amplicon,H5,E228D,Ap,NO_CALL,,,,"indel event signal: max_indel_event_fraction=0.975 > threshold=0.500; n_indel_event_positions=5 (deletion at single isolated position, run=1, review for alignment artifact); consensus_n_fraction=0.001 > max_consensus_n_fraction=0.000; no_call_aa=1; low_quality_bases=744688"
R2,amplicon,A6,V248L,Ap,PASS,V248L,,,
R2,amplicon,B6,R251W,Ap,PASS,R251W,,,
R2,amplicon,C6,R254I,Ap,PASS,R254I,,,
R2,amplicon,D6,R254L,Ap,PASS,R254L,,,
R2,amplicon,E6,T256A,Ap,PASS,T256A,,,
R2,amplicon,F6,R261W,Ap,PASS,R261W,,,
R2,amplicon,G6,R261N,Ap,WRONG_AA,,,,missing expected: R261N
R2,amplicon,H6,T267W,Ap,PASS,T267W,,,
R2,amplicon,A7,T267H,Ap,PASS,T267H,,,
R2,amplicon,B7,H270N,Ap,PASS,H270N,,,
R2,amplicon,C7,V286I,Ap,PASS,V286I,,,
R2,amplicon,D7,V299I,Ap,PASS,V299I,,,
R2,amplicon,E7,I308V,Ap,PASS,I308V,,,
R2,amplicon,F7,V334I,Ap,PASS,V334I,,,
R2,amplicon,G7,D339E,Ap,PASS,D339E,,,
R2,amplicon,H7,L346F,Ap,PASS,L346F,,,
R2,amplicon,A8,Y360F,Ap,WRONG_AA,,,,missing expected: Y360F
R2,amplicon,B8,T397V,Ap,PASS,T397V,,,
R2,amplicon,C8,D401E,Ap,PASS,D401E,,,
R2,amplicon,D8,K409M,Ap,PASS,K409M,,,
R2,amplicon,E8,K409S,Ap,AMBIGUOUS,"F404L, K409S",,,F404L within window(±5 codon of 409)
R2,amplicon,F8,V424W,Ap,PASS,V424W,,,
R2,amplicon,G8,Q426D,Ap,PASS,Q426D,,,
R2,amplicon,H8,Q426E,Ap,PASS,Q426E,,,
R2,amplicon,A9,Q426N,Ap,PASS,Q426N,,,
R2,amplicon,B9,I428V,Ap,AMBIGUOUS,"A423P, I428V",,,A423P within window(±5 codon of 428)
R2,amplicon,C9,I442V,Ap,PASS,I442V,,,
R2,amplicon,D9,H448L,Ap,PASS,H448L,,,
R2,amplicon,E9,H448M,Ap,PASS,H448M,,,
R2,amplicon,F9,H448I,Ap,PASS,H448I,,,
R2,amplicon,G9,H448V,Ap,PASS,H448V,,,
R2,amplicon,H9,H448F,Ap,PASS,H448F,,,
R2,amplicon,A10,R477Q,Ap,PASS,R477Q,,,
R2,amplicon,B10,R477H,Ap,PASS,R477H,,,
R2,amplicon,C10,R477A,Ap,PASS,R477A,,,
R2,amplicon,D10,T478L,Ap,PASS,T478L,,,
R2,amplicon,E10,T478F,Ap,PASS,T478F,,,
R2,amplicon,F10,T478C,Ap,PASS,T478C,,,
R2,amplicon,G10,T487N,Ap,PASS,T487N,,,
R2,amplicon,H10,G508D,Ap,PASS,G508D,,,
R2,amplicon,A11,Q525N,Ap,PASS,Q525N,,,
R2,amplicon,B11,T537A,Ap,PASS,T537A,,,
R2,amplicon,C11,V547I,Ap,PASS,V547I,,,
R2,amplicon,D11,V550P,Ap,PASS,V550P,,,
R2,amplicon,E11,V550C,Ap,MIXED,"K545N, V550L",,,"mixed consensus signal: 1 positions, max_minor_allele_fraction=0.367"
R2,amplicon,F11,I551L,Ap,PASS,I551L,,,
R2,amplicon,G11,T552F,Ap,PASS,T552F,,,
R2,amplicon,H11,T552Y,Ap,PASS,T552Y,,,
R2,amplicon,A12,T552L,Ap,PASS,T552L,,,
R2,amplicon,B12,L556W,Ap,PASS,L556W,,,
R2,amplicon,C12,E559D,Ap,PASS,E559D,,,
R2,amplicon,D12,R560G,Ap,PASS,R560G,,,
R2,amplicon,E12,R560A,Ap,PASS,R560A,,,
R2,amplicon,F12,R560S,Ap,PASS,R560S,,,
R2,amplicon,G12,R560P,Ap,PASS,R560P,,,
R2,amplicon,H12,WT,Ap,PASS,,,,
R3-1,cds,A1,S11I,A,PASS,S11I,,,
R3-1,cds,B1,S22T,A,PASS,S22T,,,
R3-1,cds,C1,N28S,A,PASS,N28S,,,
R3-1,cds,D1,S38F,A,PASS,S38F,,,
R3-1,cds,E1,D39E,A,PASS,D39E,,,
R3-1,cds,F1,E42D,A,PASS,E42D,,,
R3-1,cds,G1,I44L,A,PASS,I44L,,,
R3-1,cds,H1,D49E,A,PASS,D49E,,,
R3-1,cds,A2,K53I,A,PASS,K53I,,,
R3-1,cds,B2,V58I,A,PASS,V58I,,,
R3-1,cds,C2,R59C,A,PASS,R59C,,,
R3-1,cds,D2,R81C,A,PASS,R81C,,,
R3-1,cds,E2,R87K,A,PASS,R87K,,,
R3-1,cds,F2,I92D,A,PASS,I92D,,,
R3-1,cds,G2,I92M,A,PASS,I92M,,,
R3-1,cds,H2,R93C,A,PASS,R93C,,,
R3-1,cds,A3,A95P,A,PASS,A95P,,,
R3-1,cds,B3,A95M,A,PASS,A95M,,,
R3-1,cds,C3,A95Q,A,PASS,A95Q,,,
R3-1,cds,D3,R98A,A,PASS,R98A,,,
R3-1,cds,E3,R98T,A,PASS,R98T,,,
R3-1,cds,F3,G104D,A,PASS,G104D,,,
R3-1,cds,G3,G104E,A,MIXED,G104E,,,"mixed consensus signal: 2 positions, max_minor_allele_fraction=0.237"
R3-1,cds,H3,S112C,A,PASS,S112C,,,
R3-1,cds,A4,R124K,A,PASS,R124K,,,
R3-1,cds,B4,E129D,A,PASS,E129D,,,
R3-1,cds,C4,V130I,A,PASS,V130I,,,
R3-1,cds,D4,G137N,A,PASS,G137N,,,
R3-1,cds,E4,S158C,A,PASS,S158C,,,
R3-1,cds,F4,A176M,A,PASS,A176M,,,
R3-1,cds,G4,V178I,A,PASS,V178I,,,
R3-1,cds,H4,E186D,A,PASS,E186D,,,
R3-1,cds,A5,E190D,A,PASS,E190D,,,
R3-1,cds,B5,G193D,A,PASS,G193D,,,
R3-1,cds,C5,V200I,A,PASS,V200I,,,
R3-1,cds,D5,V200M,A,PASS,V200M,,,
R3-1,cds,E5,H209F,A,PASS,H209F,,,
R3-1,cds,F5,E216D,A,PASS,E216D,,,
R3-1,cds,G5,L219F,A,PASS,L219F,,,
R3-1,cds,H5,S220W,A,PASS,S220W,,,
R3-1,cds,A6,S220N,A,PASS,S220N,,,
R3-1,cds,B6,A223M,A,PASS,A223M,,,
R3-1,cds,C6,A223N,A,PASS,A223N,,,
R3-1,cds,D6,A223Q,A,PASS,A223Q,,,
R3-1,cds,E6,V233I,A,PASS,V233I,,,
R3-1,cds,F6,V248I,A,PASS,V248I,,,
R3-1,cds,G6,R254T,A,PASS,R254T,,,
R3-1,cds,H6,R258K,A,PASS,R258K,,,
R3-1,cds,A7,R262N,A,PASS,R262N,,,
R3-1,cds,B7,R262T,A,PASS,R262T,,,
R3-1,cds,C7,V263I,A,PASS,V263I,,,
R3-1,cds,D7,I277V,A,PASS,I277V,,,
R3-1,cds,E7,V284I,A,PASS,V284I,,,
R3-1,cds,F7,Q291E,A,PASS,Q291E,,,
R3-1,cds,G7,Q291N,A,PASS,Q291N,,,
R3-1,cds,H7,V315I,A,PASS,V315I,,,
R3-1,cds,A8,V329I,A,PASS,V329I,,,
R3-1,cds,B8,I337M,A,PASS,I337M,,,
R3-1,cds,C8,D342E,A,PASS,D342E,,,
R3-1,cds,D8,E365D,A,PASS,E365D,,,
R3-1,cds,E8,L371M,A,PASS,L371M,,,
R3-1,cds,F8,G405A,A,PASS,G405A,,,
R3-1,cds,G8,V424I,A,PASS,V424I,,,
R3-1,cds,H8,V425I,A,PASS,V425I,,,
R3-1,cds,A9,K429S,A,PASS,K429S,,,
R3-1,cds,B9,K429N,A,PASS,K429N,,,
R3-1,cds,C9,E432D,A,PASS,E432D,,,
R3-1,cds,D9,K438N,A,PASS,K438N,,,
R3-1,cds,E9,I443V,A,PASS,I443V,,,
R3-1,cds,F9,R445C,A,PASS,R445C,,,
R3-1,cds,G9,H448A,A,PASS,H448A,,,
R3-1,cds,H9,E496D,A,PASS,E496D,,,
R3-1,cds,A10,G507C,A,PASS,G507C,,,
R3-1,cds,B10,H531D,A,PASS,H531D,,,
R3-1,cds,C10,N532D,A,PASS,N532D,,,
R3-1,cds,D10,E541D,A,PASS,E541D,,,
R3-1,cds,E10,L542N,A,PASS,L542N,,,
R3-1,cds,F10,L542I,A,PASS,L542I,,,
R3-1,cds,G10,V550I,A,PASS,V550I,,,
R3-1,cds,H10,T552W,A,PASS,T552W,,,
R3-1,cds,A11,T552S,A,PASS,T552S,,,
R3-1,cds,B11,I555V,A,PASS,I555V,,,
R3-1,cds,C11,I555C,A,PASS,I555C,,,
R3-1,cds,D11,I555L,A,PASS,I555L,,,
R3-1,cds,E11,L556I,A,PASS,L556I,,,
R3-1,cds,F11,L556F,A,PASS,L556F,,,
R3-1,cds,G11,R560D,A,WRONG_AA,,,,missing expected: R560D
R3-1,cds,H11,R560N,A,WRONG_AA,,,,missing expected: R560N
R3-1,cds,A12,R560E,A,WRONG_AA,,,,missing expected: R560E
R3-1,cds,B12,R560Q,A,WRONG_AA,,,,missing expected: R560Q
R3-1,cds,C12,R560K,A,WRONG_AA,,,,missing expected: R560K
R3-1,cds,D12,R560L,A,MIXED,,,,"mixed consensus signal: 1 positions, max_minor_allele_fraction=0.200"
R3-1,cds,E12,R560T,A,FRAMESHIFT,,,,consensus net indel -1 bp not divisible by 3 (frameshift)
R3-1,cds,F12,R560V,A,WRONG_AA,,,,missing expected: R560V
R3-1,cds,G12,R560M,A,MIXED,,,,"mixed consensus signal: 1 positions, max_minor_allele_fraction=0.231"
R3-1,cds,H12,WT,A,LOWDEPTH,,,,read_count=10 < min_read_count=30
R3-1,cds,A1,S11I,Ap,PASS,S11I,,,
R3-1,cds,B1,S22T,Ap,PASS,S22T,,,
R3-1,cds,C1,N28S,Ap,PASS,N28S,,,
R3-1,cds,D1,S38F,Ap,PASS,S38F,,,
R3-1,cds,E1,D39E,Ap,PASS,D39E,,,
R3-1,cds,F1,E42D,Ap,PASS,E42D,,,
R3-1,cds,G1,I44L,Ap,PASS,I44L,,,
R3-1,cds,H1,D49E,Ap,PASS,D49E,,,
R3-1,cds,A2,K53I,Ap,PASS,K53I,,,
R3-1,cds,B2,V58I,Ap,PASS,V58I,,,
R3-1,cds,C2,R59C,Ap,PASS,R59C,,,
R3-1,cds,D2,R81C,Ap,PASS,R81C,,,
R3-1,cds,E2,R87K,Ap,PASS,R87K,,,
R3-1,cds,F2,I92D,Ap,PASS,I92D,,,
R3-1,cds,G2,I92M,Ap,PASS,I92M,,,
R3-1,cds,H2,R93C,Ap,PASS,R93C,,,
R3-1,cds,A3,A95P,Ap,PASS,A95P,,,
R3-1,cds,B3,A95M,Ap,PASS,A95M,,,
R3-1,cds,C3,A95Q,Ap,PASS,A95Q,,,
R3-1,cds,D3,R98A,Ap,PASS,R98A,,,
R3-1,cds,E3,R98T,Ap,PASS,R98T,,,
R3-1,cds,F3,G104D,Ap,PASS,G104D,,,
R3-1,cds,G3,G104E,Ap,MIXED,G104E,,,"mixed consensus signal: 2 positions, max_minor_allele_fraction=0.232"
R3-1,cds,H3,S112C,Ap,PASS,S112C,,,
R3-1,cds,A4,R124K,Ap,PASS,R124K,,,
R3-1,cds,B4,E129D,Ap,PASS,E129D,,,
R3-1,cds,C4,V130I,Ap,PASS,V130I,,,
R3-1,cds,D4,G137N,Ap,PASS,G137N,,,
R3-1,cds,E4,S158C,Ap,PASS,S158C,,,
R3-1,cds,F4,A176M,Ap,PASS,A176M,,,
R3-1,cds,G4,V178I,Ap,PASS,V178I,,,
R3-1,cds,H4,E186D,Ap,PASS,E186D,,,
R3-1,cds,A5,E190D,Ap,PASS,E190D,,,
R3-1,cds,B5,G193D,Ap,PASS,G193D,,,
R3-1,cds,C5,V200I,Ap,PASS,V200I,,,
R3-1,cds,D5,V200M,Ap,PASS,V200M,,,
R3-1,cds,E5,H209F,Ap,PASS,H209F,,,
R3-1,cds,F5,E216D,Ap,PASS,E216D,,,
R3-1,cds,G5,L219F,Ap,PASS,L219F,,,
R3-1,cds,H5,S220W,Ap,PASS,S220W,,,
R3-1,cds,A6,S220N,Ap,PASS,S220N,,,
R3-1,cds,B6,A223M,Ap,PASS,A223M,,,
R3-1,cds,C6,A223N,Ap,PASS,A223N,,,
R3-1,cds,D6,A223Q,Ap,PASS,A223Q,,,
R3-1,cds,E6,V233I,Ap,PASS,V233I,,,
R3-1,cds,F6,V248I,Ap,PASS,V248I,,,
R3-1,cds,G6,R254T,Ap,PASS,R254T,,,
R3-1,cds,H6,R258K,Ap,PASS,R258K,,,
R3-1,cds,A7,R262N,Ap,PASS,R262N,,,
R3-1,cds,B7,R262T,Ap,PASS,R262T,,,
R3-1,cds,C7,V263I,Ap,PASS,V263I,,,
R3-1,cds,D7,I277V,Ap,PASS,I277V,,,
R3-1,cds,E7,V284I,Ap,PASS,V284I,,,
R3-1,cds,F7,Q291E,Ap,PASS,Q291E,,,
R3-1,cds,G7,Q291N,Ap,PASS,Q291N,,,
R3-1,cds,H7,V315I,Ap,PASS,V315I,,,
R3-1,cds,A8,V329I,Ap,PASS,V329I,,,
R3-1,cds,B8,I337M,Ap,PASS,I337M,,,
R3-1,cds,C8,D342E,Ap,PASS,D342E,,,
R3-1,cds,D8,E365D,Ap,PASS,E365D,,,
R3-1,cds,E8,L371M,Ap,PASS,L371M,,,
R3-1,cds,F8,G405A,Ap,PASS,G405A,,,
R3-1,cds,G8,V424I,Ap,PASS,V424I,,,
R3-1,cds,H8,V425I,Ap,PASS,V425I,,,
R3-1,cds,A9,K429S,Ap,PASS,K429S,,,
R3-1,cds,B9,K429N,Ap,PASS,K429N,,,
R3-1,cds,C9,E432D,Ap,PASS,E432D,,,
R3-1,cds,D9,K438N,Ap,PASS,K438N,,,
R3-1,cds,E9,I443V,Ap,PASS,I443V,,,
R3-1,cds,F9,R445C,Ap,PASS,R445C,,,
R3-1,cds,G9,H448A,Ap,PASS,H448A,,,
R3-1,cds,H9,E496D,Ap,PASS,E496D,,,
R3-1,cds,A10,G507C,Ap,PASS,G507C,,,
R3-1,cds,B10,H531D,Ap,PASS,H531D,,,
R3-1,cds,C10,N532D,Ap,PASS,N532D,,,
R3-1,cds,D10,E541D,Ap,PASS,E541D,,,
R3-1,cds,E10,L542N,Ap,PASS,L542N,,,
R3-1,cds,F10,L542I,Ap,PASS,L542I,,,
R3-1,cds,G10,V550I,Ap,PASS,V550I,,,
R3-1,cds,H10,T552W,Ap,PASS,T552W,,,
R3-1,cds,A11,T552S,Ap,PASS,T552S,,,
R3-1,cds,B11,I555V,Ap,PASS,I555V,,,
R3-1,cds,C11,I555C,Ap,PASS,I555C,,,
R3-1,cds,D11,I555L,Ap,PASS,I555L,,,
R3-1,cds,E11,L556I,Ap,PASS,L556I,,,
R3-1,cds,F11,L556F,Ap,PASS,L556F,,,
R3-1,cds,G11,R560D,Ap,WRONG_AA,,,,missing expected: R560D
R3-1,cds,H11,R560N,Ap,WRONG_AA,,,,missing expected: R560N
R3-1,cds,A12,R560E,Ap,WRONG_AA,,,,missing expected: R560E
R3-1,cds,B12,R560Q,Ap,WRONG_AA,,,,missing expected: R560Q
R3-1,cds,C12,R560K,Ap,WRONG_AA,,,,missing expected: R560K
R3-1,cds,D12,R560L,Ap,MIXED,,,,"mixed consensus signal: 1 positions, max_minor_allele_fraction=0.200"
R3-1,cds,E12,R560T,Ap,FRAMESHIFT,,,,consensus net indel -1 bp not divisible by 3 (frameshift)
R3-1,cds,F12,R560V,Ap,WRONG_AA,,,,missing expected: R560V
R3-1,cds,G12,R560M,Ap,MIXED,,,,"mixed consensus signal: 1 positions, max_minor_allele_fraction=0.200"
R3-1,cds,H12,WT,Ap,LOWDEPTH,,,,read_count=10 < min_read_count=30
R3-1,amplicon,A1,S11I,B,PASS,I,538,0.0556,pos47:del=2;pos48:del=2
R3-1,amplicon,B1,S22T,B,PASS,T,774,0.0116,pos80:del=1
R3-1,amplicon,C1,N28S,B,PASS,S,4673,0.0167,pos98:ins=13;pos99:del=13;pos99:ins=3;pos100:del=14;pos100:ins=10
R3-1,amplicon,D1,S38F,B,PASS,F,1949,0.0036,pos128:ins=2;pos129:del=10;pos129:ins=1;pos130:ins=1
R3-1,amplicon,E1,D39E,B,PASS,E,931,0.0042,pos133:del=1
R3-1,amplicon,F1,E42D,B,PASS,D,626,0.0112,pos141:ins=2
R3-1,amplicon,G1,I44L,B,PASS,L,2713,0.0697,pos146:del=11;pos146:ins=175;pos147:del=1;pos147:ins=2;pos148:del=2;pos148:ins=2
R3-1,amplicon,H1,D49E,B,PASS,E,3536,0.0045,pos161:del=2;pos161:ins=9;pos162:del=66;pos163:del=85;pos163:ins=1
R3-1,amplicon,A2,K53I,B,PASS,I,211,0.0326,pos173:del=1;pos174:del=1;pos174:ins=2;pos175:del=1
R3-1,amplicon,B2,V58I,B,PASS,I,585,0.012,pos188:del=2;pos188:ins=1;pos189:del=2;pos189:ins=1;pos190:del=1
R3-1,amplicon,C2,R59C,B,PASS,C,1202,0.025,pos191:del=5;pos192:del=4;pos193:del=2;pos193:ins=3
R3-1,amplicon,D2,R81C,B,PASS,C,535,0.0168,pos257:ins=1;pos258:ins=2
R3-1,amplicon,E2,R87K,B,PASS,K,280,0.0208,pos275:del=2;pos276:del=2;pos276:ins=1;pos277:del=1
R3-1,amplicon,F2,I92D,B,PASS,D,136,0.0221,pos291:del=1
R3-1,amplicon,G2,I92M,B,PASS,M,419,0.0141,pos290:del=1;pos290:ins=1;pos291:del=2;pos292:del=3
R3-1,amplicon,H2,R93C,B,PASS,C,1146,0.0182,pos293:del=1;pos294:del=3;pos295:del=2
R3-1,amplicon,A3,A95P,B,PASS,P,62,0.0323,
R3-1,amplicon,B3,A95M,B,PASS,M,684,0.0131,pos299:del=7;pos300:del=7;pos301:del=2
R3-1,amplicon,C3,A95Q,B,PASS,Q,1352,0.0228,pos299:del=3;pos300:del=4;pos300:ins=2;pos301:del=1;pos301:ins=1
R3-1,amplicon,D3,R98A,B,PASS,A,488,0.0184,pos308:del=4;pos309:del=2;pos309:ins=1
R3-1,amplicon,E3,R98T,B,PASS,T,402,0.0295,pos308:del=3
R3-1,amplicon,F3,G104D,B,PASS,D,79,0.0633,
R3-1,amplicon,G3,G104E,B,MIXED,E,635,0.2345,pos326:del=177;pos327:del=1;pos327:ins=1;pos328:del=2
R3-1,amplicon,H3,S112C,B,PASS,C,951,0.0145,pos350:del=14;pos351:del=3;pos352:del=3
R3-1,amplicon,A4,R124K,B,PASS,K,717,0.0414,pos386:del=2;pos388:del=3
R3-1,amplicon,B4,E129D,B,PASS,D,1928,0.0175,pos401:del=1;pos401:ins=1;pos402:ins=1;pos403:del=2;pos403:ins=1
R3-1,amplicon,C4,V130I,B,PASS,I,2730,0.0187,pos404:del=3;pos405:del=2;pos405:ins=1;pos406:del=2;pos406:ins=2
R3-1,amplicon,D4,G137N,B,PASS,N,1759,0.0119,pos425:del=5;pos425:ins=4;pos426:del=1;pos426:ins=1
R3-1,amplicon,E4,S158C,B,PASS,C,982,0.0142,pos488:del=2;pos488:ins=1;pos489:del=5;pos490:del=5;pos490:ins=1
R3-1,amplicon,F4,A176M,B,PASS,M,753,0.0399,pos542:del=1;pos543:del=1;pos544:ins=3
R3-1,amplicon,G4,V178I,B,PASS,I,1751,0.02,pos548:del=42;pos548:ins=2;pos549:del=20;pos549:ins=3;pos550:del=1;pos550:ins=28
R3-1,amplicon,H4,E186D,B,PASS,D,1996,0.0105,pos572:del=3;pos573:del=2;pos573:ins=5;pos574:del=2;pos574:ins=2
R3-1,amplicon,A5,E190D,B,PASS,D,239,0.0377,pos584:del=2;pos585:del=3;pos585:ins=1;pos586:del=2
R3-1,amplicon,B5,G193D,B,PASS,D,430,0.0394,pos594:ins=1
R3-1,amplicon,C5,V200I,B,PASS,I,1181,0.0558,pos614:del=1;pos614:ins=1;pos616:del=2
R3-1,amplicon,D5,V200M,B,PASS,M,586,0.0304,pos615:ins=2
R3-1,amplicon,E5,H209F,B,PASS,F,284,0.0599,pos641:del=3;pos642:del=1;pos643:del=1
R3-1,amplicon,F5,E216D,B,PASS,D,171,0.0468,
R3-1,amplicon,G5,L219F,B,PASS,F,523,0.0707,pos671:del=9
R3-1,amplicon,H5,S220W,B,PASS,W,1163,0.0387,pos674:del=3;pos675:del=6;pos676:del=2
R3-1,amplicon,A6,S220N,B,PASS,N,252,0.0276,pos674:ins=1;pos676:ins=1
R3-1,amplicon,B6,A223M,B,PASS,M,464,0.0301,pos683:del=4;pos684:del=4;pos685:del=2
R3-1,amplicon,C6,A223N,B,PASS,N,826,0.1027,pos683:del=2;pos684:del=2;pos685:del=5;pos685:ins=4
R3-1,amplicon,D6,A223Q,B,PASS,Q,888,0.0113,pos683:del=6;pos684:del=3;pos685:del=1;pos685:ins=1
R3-1,amplicon,E6,V233I,B,PASS,I,334,0.021,pos713:del=1;pos714:del=2;pos715:del=1
R3-1,amplicon,F6,V248I,B,PASS,I,186,0.0214,pos758:ins=1;pos760:del=1
R3-1,amplicon,G6,R254T,B,PASS,T,610,0.0309,pos776:del=52;pos777:del=54;pos778:del=55
R3-1,amplicon,H6,R258K,B,PASS,K,1617,0.021,pos788:del=14;pos788:ins=2;pos789:del=6;pos789:ins=6;pos790:del=3;pos790:ins=1
R3-1,amplicon,A7,R262N,B,PASS,N,155,0.0774,pos800:ins=1
R3-1,amplicon,B7,R262T,B,PASS,T,370,0.0189,pos800:del=2;pos801:del=2;pos802:del=1
R3-1,amplicon,C7,V263I,B,PASS,I,671,0.1759,pos803:del=1;pos803:ins=1;pos804:ins=2
R3-1,amplicon,D7,I277V,B,PASS,V,500,0.0137,
R3-1,amplicon,E7,V284I,B,PASS,I,186,0.0054,pos866:del=1;pos867:del=1;pos868:del=1
R3-1,amplicon,F7,Q291E,B,PASS,E,135,0.0148,pos887:del=1;pos888:del=1;pos889:del=1
R3-1,amplicon,G7,Q291N,B,PASS,N,427,0.0233,pos887:del=3;pos888:del=5;pos889:del=6
R3-1,amplicon,H7,V315I,B,PASS,I,928,0.0085,pos959:del=2;pos960:del=1;pos961:del=1
R3-1,amplicon,A8,V329I,B,PASS,I,1040,0.0163,pos1001:del=1;pos1002:del=1;pos1003:ins=1
R3-1,amplicon,B8,I337M,B,PASS,M,2044,0.0259,pos1025:del=3;pos1025:ins=1;pos1026:del=5;pos1026:ins=2;pos1027:ins=1
R3-1,amplicon,C8,D342E,B,PASS,E,5891,0.0233,pos1040:del=1;pos1040:ins=6;pos1041:ins=1;pos1042:del=6;pos1042:ins=1
R3-1,amplicon,D8,E365D,B,PASS,D,3041,0.071,pos1109:del=3;pos1109:ins=2;pos1110:del=7;pos1110:ins=2;pos1111:del=4;pos1111:ins=3
R3-1,amplicon,E8,L371M,B,PASS,M,1520,0.0151,pos1127:del=1;pos1128:del=1;pos1129:del=2
R3-1,amplicon,F8,G405A,B,PASS,A,621,0.0386,pos1229:del=1;pos1230:del=1
R3-1,amplicon,G8,V424I,B,PASS,I,3112,0.0267,pos1286:del=11;pos1287:del=7;pos1288:del=5;pos1288:ins=2
R3-1,amplicon,H8,V425I,B,PASS,I,5095,0.018,pos1289:del=4;pos1289:ins=1;pos1290:del=1;pos1291:del=21
R3-1,amplicon,A9,K429S,B,PASS,S,294,0.0233,pos1301:del=5;pos1301:ins=1;pos1302:del=4;pos1303:del=4
R3-1,amplicon,B9,K429N,B,PASS,N,567,0.1173,pos1301:del=2;pos1302:del=2;pos1302:ins=1;pos1303:del=2
R3-1,amplicon,C9,E432D,B,PASS,D,785,0.0879,pos1310:del=3;pos1310:ins=1;pos1311:del=3;pos1311:ins=1;pos1312:del=3;pos1312:ins=1
R3-1,amplicon,D9,K438N,B,PASS,N,713,0.0309,pos1328:del=1;pos1329:ins=1
R3-1,amplicon,E9,I443V,B,PASS,V,295,0.0497,pos1343:del=4;pos1343:ins=1;pos1344:del=1;pos1345:del=3;pos1345:ins=1
R3-1,amplicon,F9,R445C,B,PASS,C,193,0.0505,pos1349:ins=1;pos1351:del=1
R3-1,amplicon,G9,H448A,B,PASS,A,550,0.0236,pos1358:del=9;pos1359:del=8;pos1359:ins=1;pos1360:del=3
R3-1,amplicon,H9,E496D,B,PASS,D,1477,0.0451,pos1502:del=4;pos1502:ins=1;pos1503:del=13;pos1503:ins=4;pos1504:del=2;pos1504:ins=5
R3-1,amplicon,A10,G507C,B,PASS,C,469,0.0746,
R3-1,amplicon,B10,H531D,B,PASS,D,1199,0.0175,pos1607:del=4;pos1607:ins=1;pos1608:del=2;pos1608:ins=1;pos1609:del=2
R3-1,amplicon,C10,N532D,B,PASS,D,2679,0.0268,pos1610:del=7;pos1611:del=7;pos1611:ins=1;pos1612:del=7
R3-1,amplicon,D10,E541D,B,PASS,D,1183,0.0218,pos1637:del=2;pos1637:ins=1;pos1638:del=3;pos1638:ins=5;pos1639:del=4;pos1639:ins=3
R3-1,amplicon,E10,L542N,B,PASS,N,474,0.0447,pos1640:del=2;pos1641:del=19;pos1642:del=18
R3-1,amplicon,F10,L542I,B,PASS,I,206,0.0388,
R3-1,amplicon,G10,V550I,B,PASS,I,1447,0.0249,pos1664:del=7;pos1664:ins=1;pos1665:del=7;pos1666:del=6
R3-1,amplicon,H10,T552W,B,PASS,W,2177,0.0234,pos1670:del=32;pos1670:ins=1;pos1671:del=15;pos1671:ins=2;pos1672:del=11;pos1672:ins=1
R3-1,amplicon,A11,T552S,B,PASS,S,74,0.0541,pos1670:ins=1;pos1671:ins=1
R3-1,amplicon,B11,I555V,B,PASS,V,501,0.0315,pos1679:del=2;pos1679:ins=1;pos1680:del=2;pos1680:ins=1;pos1681:del=4;pos1681:ins=1
R3-1,amplicon,C11,I555C,B,PASS,C,685,0.0438,pos1679:del=7;pos1680:del=6;pos1680:ins=2;pos1681:del=3
R3-1,amplicon,D11,I555L,B,PASS,L,525,0.0323,pos1681:del=1
R3-1,amplicon,E11,L556I,B,PASS,I,224,0.0264,pos1682:del=1;pos1683:del=1;pos1683:ins=1;pos1684:del=4
R3-1,amplicon,F11,L556F,B,PASS,F,125,0.024,pos1682:del=4;pos1684:del=2
R3-1,amplicon,G11,R560D,B,PASS,D,454,0.0341,pos1694:del=8;pos1695:del=4;pos1695:ins=2;pos1696:del=1;pos1696:ins=2
R3-1,amplicon,H11,R560N,B,PASS,N,415,0.0275,pos1694:del=16;pos1695:del=2;pos1696:del=3
R3-1,amplicon,A12,R560E,B,PASS,E,102,0.0286,pos1694:del=1;pos1695:del=1;pos1696:del=2
R3-1,amplicon,B12,R560Q,B,PASS,Q,579,0.0242,pos1694:del=2;pos1694:ins=2;pos1695:ins=1;pos1696:del=2
R3-1,amplicon,C12,R560K,B,PASS,K,1161,0.0152,pos1694:del=94;pos1695:del=16;pos1696:del=11
R3-1,amplicon,D12,R560L,B,PASS,L,714,0.0251,pos1694:del=2;pos1694:ins=6;pos1695:ins=1;pos1696:del=2
R3-1,amplicon,E12,R560T,B,PASS,T,196,0.0202,pos1695:del=6
R3-1,amplicon,F12,R560V,B,PASS,V,104,0.0481,pos1694:del=1;pos1696:del=1;pos1696:ins=1
R3-1,amplicon,G12,R560M,B,PASS,M,620,0.0285,pos1694:del=1;pos1696:del=10
R3-1,amplicon,A1,S11I,C_bayesian_default,PASS,I,564,0.0,codon=ATT
R3-1,amplicon,B1,S22T,C_bayesian_default,PASS,T,797,0.0,codon=ACT
R3-1,amplicon,C1,N28S,C_bayesian_default,PASS,S,4916,0.0,codon=AGC
R3-1,amplicon,D1,S38F,C_bayesian_default,PASS,F,2019,0.0,codon=TTT
R3-1,amplicon,E1,D39E,C_bayesian_default,PASS,E,961,0.0,codon=GAA
R3-1,amplicon,F1,E42D,C_bayesian_default,PASS,D,638,0.0,codon=GAT
R3-1,amplicon,G1,I44L,C_bayesian_default,PASS,L,2784,0.0,codon=CTG
R3-1,amplicon,H1,D49E,C_bayesian_default,PASS,E,3735,0.0,codon=GAA
R3-1,amplicon,A2,K53I,C_bayesian_default,PASS,I,218,0.0,codon=ATT
R3-1,amplicon,B2,V58I,C_bayesian_default,PASS,I,622,0.0,codon=ATT
R3-1,amplicon,C2,R59C,C_bayesian_default,PASS,C,1257,0.0,codon=TGT
R3-1,amplicon,D2,R81C,C_bayesian_default,PASS,C,570,0.0,codon=TGT
R3-1,amplicon,E2,R87K,C_bayesian_default,PASS,K,303,0.0,codon=AAA
R3-1,amplicon,F2,I92D,C_bayesian_default,PASS,D,143,0.0,codon=GAC
R3-1,amplicon,G2,I92M,C_bayesian_default,PASS,M,475,0.0,codon=ATG
R3-1,amplicon,H2,R93C,C_bayesian_default,PASS,C,1202,0.0,codon=TGC
R3-1,amplicon,A3,A95P,C_bayesian_default,PASS,P,64,0.0,codon=CCT
R3-1,amplicon,B3,A95M,C_bayesian_default,PASS,M,739,0.0,codon=ATG
R3-1,amplicon,C3,A95Q,C_bayesian_default,PASS,Q,1400,0.0,codon=CAG
R3-1,amplicon,D3,R98A,C_bayesian_default,PASS,A,507,0.0,codon=GCC
R3-1,amplicon,E3,R98T,C_bayesian_default,PASS,T,433,0.0,codon=ACC
R3-1,amplicon,F3,G104D,C_bayesian_default,PASS,D,82,0.0,codon=GAT
R3-1,amplicon,G3,G104E,C_bayesian_default,NO_CALL,,834,0.0012,codon=GNA
R3-1,amplicon,H3,S112C,C_bayesian_default,PASS,C,1034,0.0,codon=TGC
R3-1,amplicon,A4,R124K,C_bayesian_default,PASS,K,741,0.0,codon=AAA
R3-1,amplicon,B4,E129D,C_bayesian_default,PASS,D,2002,0.0,codon=GAT
R3-1,amplicon,C4,V130I,C_bayesian_default,PASS,I,2781,0.0,codon=ATT
R3-1,amplicon,D4,G137N,C_bayesian_default,PASS,N,1815,0.0,codon=AAC
R3-1,amplicon,E4,S158C,C_bayesian_default,PASS,C,1035,0.0,codon=TGC
R3-1,amplicon,F4,A176M,C_bayesian_default,PASS,M,810,0.0,codon=ATG
R3-1,amplicon,G4,V178I,C_bayesian_default,PASS,I,1928,0.0,codon=ATA
R3-1,amplicon,H4,E186D,C_bayesian_default,PASS,D,2048,0.0,codon=GAT
R3-1,amplicon,A5,E190D,C_bayesian_default,PASS,D,253,0.0,codon=GAT
R3-1,amplicon,B5,G193D,C_bayesian_default,PASS,D,450,0.0,codon=GAT
R3-1,amplicon,C5,V200I,C_bayesian_default,PASS,I,1226,0.0,codon=ATT
R3-1,amplicon,D5,V200M,C_bayesian_default,PASS,M,624,0.0,codon=ATG
R3-1,amplicon,E5,H209F,C_bayesian_default,PASS,F,306,0.0,codon=TTT
R3-1,amplicon,F5,E216D,C_bayesian_default,PASS,D,176,0.0,codon=GAT
R3-1,amplicon,G5,L219F,C_bayesian_default,PASS,F,541,0.0,codon=TTT
R3-1,amplicon,H5,S220W,C_bayesian_default,PASS,W,1201,0.0,codon=TGG
R3-1,amplicon,A6,S220N,C_bayesian_default,PASS,N,265,0.0,codon=AAC
R3-1,amplicon,B6,A223M,C_bayesian_default,PASS,M,475,0.0,codon=ATG
R3-1,amplicon,C6,A223N,C_bayesian_default,NO_CALL,,860,0.0017,codon=NNN
R3-1,amplicon,D6,A223Q,C_bayesian_default,PASS,Q,923,0.0,codon=CAA
R3-1,amplicon,E6,V233I,C_bayesian_default,PASS,I,349,0.0,codon=ATT
R3-1,amplicon,F6,V248I,C_bayesian_default,PASS,I,203,0.0,codon=ATT
R3-1,amplicon,G6,R254T,C_bayesian_default,PASS,T,689,0.0,codon=ACC
R3-1,amplicon,H6,R258K,C_bayesian_default,PASS,K,1744,0.0,codon=AAA
R3-1,amplicon,A7,R262N,C_bayesian_default,PASS,N,167,0.0,codon=AAT
R3-1,amplicon,B7,R262T,C_bayesian_default,PASS,T,404,0.0,codon=ACT
R3-1,amplicon,C7,V263I,C_bayesian_default,NO_CALL,,705,0.0012,codon=NTN
R3-1,amplicon,D7,I277V,C_bayesian_default,PASS,V,534,0.0,codon=GTT
R3-1,amplicon,E7,V284I,C_bayesian_default,PASS,I,197,0.0,codon=ATA
R3-1,amplicon,F7,Q291E,C_bayesian_default,PASS,E,146,0.0,codon=GAA
R3-1,amplicon,G7,Q291N,C_bayesian_default,PASS,N,465,0.0,codon=AAC
R3-1,amplicon,H7,V315I,C_bayesian_default,PASS,I,973,0.0,codon=ATT
R3-1,amplicon,A8,V329I,C_bayesian_default,PASS,I,1080,0.0,codon=ATT
R3-1,amplicon,B8,I337M,C_bayesian_default,PASS,M,2097,0.0,codon=ATG
R3-1,amplicon,C8,D342E,C_bayesian_default,PASS,E,6031,0.0,codon=GAA
R3-1,amplicon,D8,E365D,C_bayesian_default,NO_CALL,,3071,0.0006,codon=GAN
R3-1,amplicon,E8,L371M,C_bayesian_default,PASS,M,1560,0.0,codon=ATG
R3-1,amplicon,F8,G405A,C_bayesian_default,PASS,A,639,0.0,codon=GCT
R3-1,amplicon,G8,V424I,C_bayesian_default,PASS,I,3205,0.0,codon=ATT
R3-1,amplicon,H8,V425I,C_bayesian_default,PASS,I,5235,0.0,codon=ATT
R3-1,amplicon,A9,K429S,C_bayesian_default,PASS,S,322,0.0,codon=AGC
R3-1,amplicon,B9,K429N,C_bayesian_default,NO_CALL,,603,0.0006,codon=AAN
R3-1,amplicon,C9,E432D,C_bayesian_default,NO_CALL,,819,0.0006,codon=GAN
R3-1,amplicon,D9,K438N,C_bayesian_default,PASS,N,746,0.0,codon=AAC
R3-1,amplicon,E9,I443V,C_bayesian_default,PASS,V,352,0.0,codon=GTC
R3-1,amplicon,F9,R445C,C_bayesian_default,PASS,C,219,0.0,codon=TGC
R3-1,amplicon,G9,H448A,C_bayesian_default,PASS,A,609,0.0,codon=GCC
R3-1,amplicon,H9,E496D,C_bayesian_default,PASS,D,1598,0.0,codon=GAT
R3-1,amplicon,A10,G507C,C_bayesian_default,PASS,C,490,0.0,codon=TGC
R3-1,amplicon,B10,H531D,C_bayesian_default,PASS,D,1250,0.0,codon=GAT
R3-1,amplicon,C10,N532D,C_bayesian_default,PASS,D,2813,0.0,codon=GAT
R3-1,amplicon,D10,E541D,C_bayesian_default,PASS,D,1266,0.0,codon=GAT
R3-1,amplicon,E10,L542N,C_bayesian_default,PASS,N,520,0.0,codon=AAC
R3-1,amplicon,F10,L542I,C_bayesian_default,PASS,I,216,0.0,codon=ATT
R3-1,amplicon,G10,V550I,C_bayesian_default,PASS,I,1512,0.0,codon=ATT
R3-1,amplicon,H10,T552W,C_bayesian_default,PASS,W,2487,0.0,codon=TGG
R3-1,amplicon,A11,T552S,C_bayesian_default,PASS,S,84,0.0,codon=AGC
R3-1,amplicon,B11,I555V,C_bayesian_default,PASS,V,576,0.0,codon=GTT
R3-1,amplicon,C11,I555C,C_bayesian_default,PASS,C,739,0.0006,codon=TGT
R3-1,amplicon,D11,I555L,C_bayesian_default,PASS,L,562,0.0,codon=CTT
R3-1,amplicon,E11,L556I,C_bayesian_default,PASS,I,249,0.0,codon=ATT
R3-1,amplicon,F11,L556F,C_bayesian_default,PASS,F,139,0.0,codon=TTT
R3-1,amplicon,G11,R560D,C_bayesian_default,PASS,D,510,0.0,codon=GAC
R3-1,amplicon,H11,R560N,C_bayesian_default,PASS,N,484,0.0,codon=AAC
R3-1,amplicon,A12,R560E,C_bayesian_default,PASS,E,111,0.0,codon=GAA
R3-1,amplicon,B12,R560Q,C_bayesian_default,PASS,Q,620,0.0,codon=CAG
R3-1,amplicon,C12,R560K,C_bayesian_default,PASS,K,1313,0.0,codon=AAA
R3-1,amplicon,D12,R560L,C_bayesian_default,PASS,L,758,0.0,codon=CTG
R3-1,amplicon,E12,R560T,C_bayesian_default,PASS,T,219,0.0,codon=ACC
R3-1,amplicon,F12,R560V,C_bayesian_default,PASS,V,119,0.0,codon=GTC
R3-1,amplicon,G12,R560M,C_bayesian_default,PASS,M,657,0.0,codon=ATG
R3-1,amplicon,A1,S11I,C_r10.4_sup,PASS,I,564,0.0,codon=ATT
R3-1,amplicon,B1,S22T,C_r10.4_sup,PASS,T,797,0.0,codon=ACT
R3-1,amplicon,C1,N28S,C_r10.4_sup,PASS,S,4916,0.0,codon=AGC
R3-1,amplicon,D1,S38F,C_r10.4_sup,PASS,F,2019,0.0,codon=TTT
R3-1,amplicon,E1,D39E,C_r10.4_sup,PASS,E,961,0.0,codon=GAA
R3-1,amplicon,F1,E42D,C_r10.4_sup,PASS,D,638,0.0,codon=GAT
R3-1,amplicon,G1,I44L,C_r10.4_sup,PASS,L,2784,0.0,codon=CTG
R3-1,amplicon,H1,D49E,C_r10.4_sup,PASS,E,3735,0.0,codon=GAA
R3-1,amplicon,A2,K53I,C_r10.4_sup,PASS,I,218,0.0,codon=ATT
R3-1,amplicon,B2,V58I,C_r10.4_sup,PASS,I,622,0.0,codon=ATT
R3-1,amplicon,C2,R59C,C_r10.4_sup,PASS,C,1257,0.0,codon=TGT
R3-1,amplicon,D2,R81C,C_r10.4_sup,PASS,C,570,0.0,codon=TGT
R3-1,amplicon,E2,R87K,C_r10.4_sup,PASS,K,303,0.0,codon=AAA
R3-1,amplicon,F2,I92D,C_r10.4_sup,PASS,D,143,0.0,codon=GAC
R3-1,amplicon,G2,I92M,C_r10.4_sup,PASS,M,475,0.0,codon=ATG
R3-1,amplicon,H2,R93C,C_r10.4_sup,PASS,C,1202,0.0,codon=TGC
R3-1,amplicon,A3,A95P,C_r10.4_sup,PASS,P,64,0.0,codon=CCT
R3-1,amplicon,B3,A95M,C_r10.4_sup,PASS,M,739,0.0,codon=ATG
R3-1,amplicon,C3,A95Q,C_r10.4_sup,PASS,Q,1400,0.0,codon=CAG
R3-1,amplicon,D3,R98A,C_r10.4_sup,PASS,A,507,0.0,codon=GCC
R3-1,amplicon,E3,R98T,C_r10.4_sup,PASS,T,433,0.0,codon=ACC
R3-1,amplicon,F3,G104D,C_r10.4_sup,PASS,D,82,0.0,codon=GAT
R3-1,amplicon,G3,G104E,C_r10.4_sup,NO_CALL,,834,0.0006,codon=GNA
R3-1,amplicon,H3,S112C,C_r10.4_sup,PASS,C,1034,0.0,codon=TGC
R3-1,amplicon,A4,R124K,C_r10.4_sup,PASS,K,741,0.0,codon=AAA
R3-1,amplicon,B4,E129D,C_r10.4_sup,PASS,D,2002,0.0,codon=GAT
R3-1,amplicon,C4,V130I,C_r10.4_sup,PASS,I,2781,0.0,codon=ATT
R3-1,amplicon,D4,G137N,C_r10.4_sup,PASS,N,1815,0.0,codon=AAC
R3-1,amplicon,E4,S158C,C_r10.4_sup,PASS,C,1035,0.0,codon=TGC
R3-1,amplicon,F4,A176M,C_r10.4_sup,PASS,M,810,0.0,codon=ATG
R3-1,amplicon,G4,V178I,C_r10.4_sup,PASS,I,1928,0.0,codon=ATA
R3-1,amplicon,H4,E186D,C_r10.4_sup,PASS,D,2048,0.0,codon=GAT
R3-1,amplicon,A5,E190D,C_r10.4_sup,PASS,D,253,0.0,codon=GAT
R3-1,amplicon,B5,G193D,C_r10.4_sup,PASS,D,450,0.0,codon=GAT
R3-1,amplicon,C5,V200I,C_r10.4_sup,PASS,I,1226,0.0,codon=ATT
R3-1,amplicon,D5,V200M,C_r10.4_sup,PASS,M,624,0.0,codon=ATG
R3-1,amplicon,E5,H209F,C_r10.4_sup,PASS,F,306,0.0,codon=TTT
R3-1,amplicon,F5,E216D,C_r10.4_sup,PASS,D,176,0.0,codon=GAT
R3-1,amplicon,G5,L219F,C_r10.4_sup,PASS,F,541,0.0,codon=TTT
R3-1,amplicon,H5,S220W,C_r10.4_sup,PASS,W,1201,0.0,codon=TGG
R3-1,amplicon,A6,S220N,C_r10.4_sup,PASS,N,265,0.0,codon=AAC
R3-1,amplicon,B6,A223M,C_r10.4_sup,PASS,M,475,0.0,codon=ATG
R3-1,amplicon,C6,A223N,C_r10.4_sup,PASS,N,860,0.0,codon=AAC
R3-1,amplicon,D6,A223Q,C_r10.4_sup,PASS,Q,923,0.0,codon=CAA
R3-1,amplicon,E6,V233I,C_r10.4_sup,PASS,I,349,0.0,codon=ATT
R3-1,amplicon,F6,V248I,C_r10.4_sup,PASS,I,203,0.0,codon=ATT
R3-1,amplicon,G6,R254T,C_r10.4_sup,PASS,T,689,0.0,codon=ACC
R3-1,amplicon,H6,R258K,C_r10.4_sup,PASS,K,1744,0.0,codon=AAA
R3-1,amplicon,A7,R262N,C_r10.4_sup,PASS,N,167,0.0,codon=AAT
R3-1,amplicon,B7,R262T,C_r10.4_sup,PASS,T,404,0.0,codon=ACT
R3-1,amplicon,C7,V263I,C_r10.4_sup,PASS,I,705,0.0,codon=ATT
R3-1,amplicon,D7,I277V,C_r10.4_sup,PASS,V,534,0.0,codon=GTT
R3-1,amplicon,E7,V284I,C_r10.4_sup,PASS,I,197,0.0,codon=ATA
R3-1,amplicon,F7,Q291E,C_r10.4_sup,PASS,E,146,0.0,codon=GAA
R3-1,amplicon,G7,Q291N,C_r10.4_sup,PASS,N,465,0.0,codon=AAC
R3-1,amplicon,H7,V315I,C_r10.4_sup,PASS,I,973,0.0,codon=ATT
R3-1,amplicon,A8,V329I,C_r10.4_sup,PASS,I,1080,0.0,codon=ATT
R3-1,amplicon,B8,I337M,C_r10.4_sup,PASS,M,2097,0.0,codon=ATG
R3-1,amplicon,C8,D342E,C_r10.4_sup,PASS,E,6031,0.0,codon=GAA
R3-1,amplicon,D8,E365D,C_r10.4_sup,PASS,D,3071,0.0,codon=GAT
R3-1,amplicon,E8,L371M,C_r10.4_sup,PASS,M,1560,0.0,codon=ATG
R3-1,amplicon,F8,G405A,C_r10.4_sup,PASS,A,639,0.0,codon=GCT
R3-1,amplicon,G8,V424I,C_r10.4_sup,PASS,I,3205,0.0,codon=ATT
R3-1,amplicon,H8,V425I,C_r10.4_sup,PASS,I,5235,0.0,codon=ATT
R3-1,amplicon,A9,K429S,C_r10.4_sup,PASS,S,322,0.0,codon=AGC
R3-1,amplicon,B9,K429N,C_r10.4_sup,PASS,N,603,0.0,codon=AAC
R3-1,amplicon,C9,E432D,C_r10.4_sup,PASS,D,819,0.0,codon=GAT
R3-1,amplicon,D9,K438N,C_r10.4_sup,PASS,N,746,0.0,codon=AAC
R3-1,amplicon,E9,I443V,C_r10.4_sup,PASS,V,352,0.0,codon=GTC
R3-1,amplicon,F9,R445C,C_r10.4_sup,PASS,C,219,0.0,codon=TGC
R3-1,amplicon,G9,H448A,C_r10.4_sup,PASS,A,609,0.0,codon=GCC
R3-1,amplicon,H9,E496D,C_r10.4_sup,PASS,D,1598,0.0,codon=GAT
R3-1,amplicon,A10,G507C,C_r10.4_sup,PASS,C,490,0.0,codon=TGC
R3-1,amplicon,B10,H531D,C_r10.4_sup,PASS,D,1250,0.0,codon=GAT
R3-1,amplicon,C10,N532D,C_r10.4_sup,PASS,D,2813,0.0,codon=GAT
R3-1,amplicon,D10,E541D,C_r10.4_sup,PASS,D,1266,0.0,codon=GAT
R3-1,amplicon,E10,L542N,C_r10.4_sup,PASS,N,520,0.0,codon=AAC
R3-1,amplicon,F10,L542I,C_r10.4_sup,PASS,I,216,0.0,codon=ATT
R3-1,amplicon,G10,V550I,C_r10.4_sup,PASS,I,1512,0.0,codon=ATT
R3-1,amplicon,H10,T552W,C_r10.4_sup,PASS,W,2487,0.0,codon=TGG
R3-1,amplicon,A11,T552S,C_r10.4_sup,PASS,S,84,0.0,codon=AGC
R3-1,amplicon,B11,I555V,C_r10.4_sup,PASS,V,576,0.0,codon=GTT
R3-1,amplicon,C11,I555C,C_r10.4_sup,PASS,C,739,0.0,codon=TGT
R3-1,amplicon,D11,I555L,C_r10.4_sup,PASS,L,562,0.0,codon=CTT
R3-1,amplicon,E11,L556I,C_r10.4_sup,PASS,I,249,0.0,codon=ATT
R3-1,amplicon,F11,L556F,C_r10.4_sup,PASS,F,139,0.0,codon=TTT
R3-1,amplicon,G11,R560D,C_r10.4_sup,PASS,D,510,0.0,codon=GAC
R3-1,amplicon,H11,R560N,C_r10.4_sup,PASS,N,484,0.0,codon=AAC
R3-1,amplicon,A12,R560E,C_r10.4_sup,PASS,E,111,0.0,codon=GAA
R3-1,amplicon,B12,R560Q,C_r10.4_sup,PASS,Q,620,0.0,codon=CAG
R3-1,amplicon,C12,R560K,C_r10.4_sup,PASS,K,1313,0.0,codon=AAA
R3-1,amplicon,D12,R560L,C_r10.4_sup,PASS,L,758,0.0,codon=CTG
R3-1,amplicon,E12,R560T,C_r10.4_sup,PASS,T,219,0.0,codon=ACC
R3-1,amplicon,F12,R560V,C_r10.4_sup,PASS,V,119,0.0,codon=GTC
R3-1,amplicon,G12,R560M,C_r10.4_sup,PASS,M,657,0.0,codon=ATG
R2,amplicon,A1,V5F,B,PASS,F,6144,0.0122,pos29:del=1466;pos29:ins=1;pos30:del=40;pos30:ins=2;pos31:del=178
R2,amplicon,B1,V10L,B,PASS,L,5805,0.0096,pos44:del=23;pos45:del=25;pos45:ins=3;pos46:del=42
R2,amplicon,C1,S11E,B,PASS,E,7657,0.0131,pos47:del=58;pos47:ins=1;pos48:del=11;pos48:ins=7;pos49:del=9;pos49:ins=1
R2,amplicon,D1,N28T,B,PASS,T,7827,0.0063,pos98:del=3;pos98:ins=4;pos99:del=16;pos99:ins=2;pos100:del=15
R2,amplicon,E1,D31N,B,PASS,N,7536,0.0165,pos107:del=1;pos108:del=2;pos108:ins=1;pos109:del=11;pos109:ins=3
R2,amplicon,F1,I44V,B,PASS,V,7944,0.0069,pos146:del=3;pos147:del=2;pos147:ins=1;pos148:del=2;pos148:ins=8
R2,amplicon,G1,V46I,B,PASS,I,7961,0.0059,pos152:del=6;pos152:ins=1;pos153:del=5;pos154:del=2;pos154:ins=1
R2,amplicon,H1,Y47F,B,PASS,F,7864,0.0028,pos155:del=4;pos155:ins=3;pos156:del=18;pos156:ins=1;pos157:del=8;pos157:ins=2
R2,amplicon,A2,K53R,B,PASS,R,7759,0.0213,pos173:del=19;pos173:ins=3;pos174:del=19;pos174:ins=3;pos175:del=15;pos175:ins=66
R2,amplicon,B2,K53S,B,PASS,S,1776,0.0311,pos173:del=5;pos173:ins=1;pos174:del=4;pos175:del=4;pos175:ins=15
R2,amplicon,C2,K53N,B,PASS,N,5147,0.0113,pos173:del=6;pos173:ins=1;pos174:del=9;pos175:del=14;pos175:ins=3
R2,amplicon,D2,I62C,B,PASS,C,7727,0.0167,pos200:del=7;pos200:ins=1;pos201:del=7;pos201:ins=53;pos202:del=25;pos202:ins=5
R2,amplicon,E2,N63S,B,PASS,S,5169,0.0168,pos203:del=59;pos203:ins=2;pos204:del=33;pos205:del=16;pos205:ins=11
R2,amplicon,F2,N63F,B,PASS,F,4821,0.0095,pos203:del=18;pos204:del=12;pos205:del=5;pos205:ins=10
R2,amplicon,G2,N64W,B,LOWDEPTH,,20,,read_count_gate(20<30)
R2,amplicon,H2,R87M,B,WRONG_AA_STILL_WT,R,126,0.0,pos277:del=1
R2,amplicon,A3,R87P,B,WRONG_AA_STILL_WT,R,4342,0.0041,pos275:del=6;pos275:ins=2;pos276:del=5;pos276:ins=4;pos277:del=15;pos277:ins=1
R2,amplicon,B3,R93A,B,WRONG_AA_STILL_WT,R,104,0.0865,pos293:del=17;pos293:ins=1;pos294:del=9;pos294:ins=5;pos295:del=5239;pos295:ins=39
R2,amplicon,C3,V100F,B,PASS,F,5981,0.0104,pos314:del=192;pos314:ins=1;pos315:del=107;pos316:del=30;pos316:ins=2
R2,amplicon,D3,V108F,B,PASS,F,3606,0.0152,pos338:del=16;pos338:ins=2;pos339:del=1;pos339:ins=2;pos340:del=15
R2,amplicon,E3,V108I,B,PASS,I,1814,0.0352,pos338:del=7;pos339:del=4;pos339:ins=2;pos340:del=8
R2,amplicon,F3,V108L,B,PASS,L,6533,0.0084,pos338:del=11;pos338:ins=6;pos339:del=7;pos339:ins=10;pos340:del=6;pos340:ins=7
R2,amplicon,G3,S112M,B,LOWDEPTH,,17,,read_count_gate(17<30)
R2,amplicon,H3,R124W,B,PASS,W,6331,0.0077,pos386:del=39;pos386:ins=4;pos387:del=8;pos388:del=41;pos388:ins=11
R2,amplicon,A4,Q132M,B,PASS,M,7585,0.0237,pos410:del=78;pos410:ins=3;pos411:del=30;pos411:ins=70;pos412:del=15
R2,amplicon,B4,Q132W,B,PASS,W,7562,0.0176,pos410:del=90;pos410:ins=13;pos411:del=42;pos411:ins=1;pos412:del=12
R2,amplicon,C4,H183W,B,PASS,W,7706,0.0181,pos563:del=33;pos563:ins=18;pos564:del=26;pos564:ins=1;pos565:del=18;pos565:ins=4
R2,amplicon,D4,E189D,B,PASS,D,7892,0.0078,pos581:del=13;pos582:del=19;pos582:ins=11;pos583:del=19;pos583:ins=4
R2,amplicon,E4,H209C,B,PASS,C,2125,0.024,pos641:del=30;pos641:ins=1;pos642:del=25;pos642:ins=1;pos643:del=8;pos643:ins=3
R2,amplicon,F4,Q213T,B,PASS,T,5258,0.0258,pos653:del=23;pos654:del=46;pos654:ins=15;pos655:del=51;pos655:ins=1
R2,amplicon,G4,R214P,B,PASS,P,5395,0.0184,pos656:del=10;pos656:ins=2;pos657:del=21;pos657:ins=4;pos658:del=64;pos658:ins=4
R2,amplicon,H4,L215F,B,PASS,F,7919,0.0044,pos659:del=20;pos660:ins=3;pos661:del=5;pos661:ins=2
R2,amplicon,A5,V218L,B,LOWDEPTH,V,87,0.4713,pos668:del=14;pos668:ins=4;pos669:del=3676;pos669:ins=3;pos670:del=8;pos670:ins=2
R2,amplicon,B5,S220F,B,PASS,F,3276,0.0201,pos674:del=4;pos674:ins=1;pos675:del=23;pos675:ins=2;pos676:del=14;pos676:ins=1
R2,amplicon,C5,E222D,B,WRONG_AA_STILL_WT,E,1949,0.001,pos680:del=2;pos681:del=2;pos682:del=2;pos682:ins=1
R2,amplicon,D5,R225K,B,PASS,K,1989,0.0151,pos689:del=92;pos689:ins=2;pos690:del=92;pos690:ins=3;pos691:del=70
R2,amplicon,E5,R225L,B,PASS,L,2170,0.0544,pos689:ins=11;pos690:del=79;pos690:ins=2;pos691:del=8;pos691:ins=2
R2,amplicon,F5,R225Q,B,PASS,Q,4105,0.0168,pos689:del=4;pos689:ins=33;pos690:del=115;pos690:ins=2;pos691:del=131
R2,amplicon,G5,K227I,B,PASS,I,4373,0.0378,pos695:del=25;pos695:ins=14;pos696:del=16;pos696:ins=3;pos697:del=15;pos697:ins=3
R2,amplicon,H5,E228D,B,WRONG_AA_STILL_WT,E,7514,0.0212,pos698:del=18;pos698:ins=11;pos699:del=33;pos699:ins=7240;pos700:del=8;pos700:ins=4
R2,amplicon,A6,V248L,B,PASS,L,6192,0.0071,pos758:del=47;pos759:del=21;pos759:ins=3;pos760:del=8;pos760:ins=2
R2,amplicon,B6,R251W,B,PASS,W,3849,0.0187,pos767:del=9;pos767:ins=5;pos768:del=5;pos769:del=53;pos769:ins=4
R2,amplicon,C6,R254I,B,PASS,I,2411,0.0227,pos776:del=6;pos776:ins=1;pos777:del=1;pos777:ins=1;pos778:del=2;pos778:ins=1
R2,amplicon,D6,R254L,B,PASS,L,7585,0.0221,pos776:del=16;pos776:ins=21;pos777:del=118;pos777:ins=1;pos778:del=37;pos778:ins=4
R2,amplicon,E6,T256A,B,PASS,A,2295,0.0218,pos782:del=14;pos782:ins=12;pos783:del=14;pos783:ins=5;pos784:del=17;pos784:ins=7
R2,amplicon,F6,R261W,B,PASS,W,2029,0.0113,pos797:del=25;pos798:del=20;pos799:del=29
R2,amplicon,G6,R261N,B,WRONG_AA_STILL_WT,R,7216,0.0059,pos797:del=45;pos797:ins=3;pos798:del=33;pos798:ins=2;pos799:del=67;pos799:ins=6
R2,amplicon,H6,T267W,B,PASS,W,7712,0.0162,pos815:del=23;pos815:ins=2;pos816:del=37;pos816:ins=8;pos817:del=31;pos817:ins=4
R2,amplicon,A7,T267H,B,PASS,H,781,0.0293,pos815:del=13;pos816:del=15;pos816:ins=2;pos817:del=1;pos817:ins=1
R2,amplicon,B7,H270N,B,PASS,N,2537,0.03,pos824:del=15;pos824:ins=4;pos825:del=8;pos825:ins=2;pos826:del=8;pos826:ins=1
R2,amplicon,C7,V286I,B,PASS,I,3456,0.0193,pos872:del=4;pos872:ins=1;pos873:del=3;pos874:del=10;pos874:ins=2
R2,amplicon,D7,V299I,B,PASS,I,4722,0.011,pos911:del=14;pos911:ins=4;pos912:del=5;pos912:ins=2;pos913:del=3;pos913:ins=2
R2,amplicon,E7,I308V,B,PASS,V,1754,0.0118,pos938:del=2;pos938:ins=1;pos939:del=1;pos939:ins=3;pos940:del=4;pos940:ins=1
R2,amplicon,F7,V334I,B,PASS,I,4022,0.0064,pos1016:del=8;pos1017:del=6;pos1017:ins=1;pos1018:del=7;pos1018:ins=1
R2,amplicon,G7,D339E,B,PASS,E,853,0.0105,
R2,amplicon,H7,L346F,B,PASS,F,7800,0.0093,pos1052:del=26;pos1052:ins=1;pos1053:del=3;pos1054:del=10
R2,amplicon,A8,Y360F,B,WRONG_AA_STILL_WT,Y,258,0.0152,pos1094:del=3;pos1095:del=3;pos1096:del=3
R2,amplicon,B8,T397V,B,PASS,V,4757,0.0193,pos1205:del=39;pos1206:del=22;pos1206:ins=5;pos1207:del=8;pos1207:ins=8
R2,amplicon,C8,D401E,B,PASS,E,7615,0.0076,pos1217:del=4;pos1217:ins=6;pos1219:del=2;pos1219:ins=2
R2,amplicon,D8,K409M,B,PASS,M,6924,0.0227,pos1241:del=74;pos1241:ins=15;pos1242:del=74;pos1242:ins=21;pos1243:del=16;pos1243:ins=4
R2,amplicon,E8,K409S,B,PASS,S,7406,0.024,pos1241:del=65;pos1241:ins=25;pos1242:del=48;pos1242:ins=54;pos1243:del=29;pos1243:ins=4
R2,amplicon,F8,V424W,B,PASS,W,7701,0.0269,pos1286:del=2;pos1286:ins=1;pos1287:del=22;pos1287:ins=14;pos1288:del=31;pos1288:ins=3
R2,amplicon,G8,Q426D,B,PASS,D,7911,0.0079,pos1292:del=9;pos1292:ins=1;pos1293:del=5;pos1293:ins=5;pos1294:del=3
R2,amplicon,H8,Q426E,B,PASS,E,7874,0.0052,pos1292:del=30;pos1292:ins=1;pos1293:del=6;pos1293:ins=2;pos1294:del=1;pos1294:ins=2
R2,amplicon,A9,Q426N,B,PASS,N,7697,0.0152,pos1292:del=60;pos1293:del=48;pos1293:ins=6;pos1294:del=39;pos1294:ins=36
R2,amplicon,B9,I428V,B,PASS,V,2966,0.1276,pos1298:del=11;pos1298:ins=2;pos1299:del=9;pos1299:ins=6;pos1300:del=8;pos1300:ins=14
R2,amplicon,C9,I442V,B,PASS,V,7575,0.0142,pos1340:del=18;pos1340:ins=3;pos1341:del=17;pos1341:ins=4;pos1342:del=10
R2,amplicon,D9,H448L,B,PASS,L,7555,0.0164,pos1358:del=20;pos1358:ins=18;pos1359:del=30;pos1359:ins=4;pos1360:del=16;pos1360:ins=9
R2,amplicon,E9,H448M,B,PASS,M,4666,0.0302,pos1358:del=47;pos1359:del=37;pos1359:ins=39;pos1360:del=26;pos1360:ins=20
R2,amplicon,F9,H448I,B,PASS,I,7448,0.0231,pos1358:del=52;pos1358:ins=1;pos1359:del=41;pos1359:ins=34;pos1360:del=17;pos1360:ins=2
R2,amplicon,G9,H448V,B,PASS,V,6402,0.0287,pos1358:del=37;pos1358:ins=6;pos1359:del=32;pos1359:ins=11;pos1360:del=23;pos1360:ins=3
R2,amplicon,H9,H448F,B,PASS,F,5019,0.0271,pos1358:del=17;pos1358:ins=3;pos1359:del=17;pos1359:ins=1;pos1360:del=13;pos1360:ins=1
R2,amplicon,A10,R477Q,B,PASS,Q,7734,0.0134,pos1445:del=11;pos1445:ins=30;pos1446:del=20;pos1446:ins=6;pos1447:del=32
R2,amplicon,B10,R477H,B,PASS,H,2128,0.0146,pos1445:del=7;pos1445:ins=1;pos1446:del=2;pos1446:ins=1;pos1447:del=1
R2,amplicon,C10,R477A,B,PASS,A,2679,0.019,pos1445:del=6;pos1446:del=17;pos1446:ins=2;pos1447:del=3;pos1447:ins=1
R2,amplicon,D10,T478L,B,PASS,L,3708,0.0224,pos1448:del=48;pos1448:ins=2;pos1449:del=10;pos1449:ins=4;pos1450:del=2;pos1450:ins=4
R2,amplicon,E10,T478F,B,PASS,F,6560,0.0153,pos1448:del=50;pos1449:del=26;pos1450:del=9;pos1450:ins=5
R2,amplicon,F10,T478C,B,PASS,C,2396,0.0141,pos1448:del=13;pos1449:del=6;pos1450:del=1
R2,amplicon,G10,T487N,B,PASS,N,7736,0.011,pos1475:del=15;pos1475:ins=1;pos1476:del=24;pos1476:ins=1;pos1477:del=12;pos1477:ins=2
R2,amplicon,H10,G508D,B,PASS,D,7781,0.0084,pos1538:del=8;pos1538:ins=33;pos1539:del=7;pos1540:del=8;pos1540:ins=2
R2,amplicon,A11,Q525N,B,PASS,N,5938,0.0403,pos1589:del=49;pos1589:ins=2;pos1590:del=27;pos1590:ins=5;pos1591:del=19;pos1591:ins=115
R2,amplicon,B11,T537A,B,PASS,A,4646,0.0254,pos1625:del=62;pos1625:ins=6;pos1626:del=30;pos1626:ins=5;pos1627:del=19;pos1627:ins=2
R2,amplicon,C11,V547I,B,PASS,I,3880,0.0485,pos1655:del=12;pos1655:ins=1;pos1656:del=6;pos1656:ins=7;pos1657:del=27
R2,amplicon,D11,V550P,B,PASS,P,5284,0.035,pos1664:del=48;pos1664:ins=5;pos1665:del=172;pos1665:ins=1;pos1666:del=151;pos1666:ins=1
R2,amplicon,E11,V550C,B,WRONG_AA,L,3401,0.0312,pos1664:del=84;pos1665:del=39;pos1665:ins=2;pos1666:del=22
R2,amplicon,F11,I551L,B,PASS,L,4229,0.0521,pos1667:del=24;pos1667:ins=1;pos1668:del=12;pos1668:ins=4;pos1669:del=9;pos1669:ins=7
R2,amplicon,G11,T552F,B,PASS,F,3384,0.0258,pos1670:del=187;pos1670:ins=2;pos1671:del=32;pos1671:ins=1;pos1672:del=8;pos1672:ins=2
R2,amplicon,H11,T552Y,B,PASS,Y,7537,0.0381,pos1670:del=21;pos1670:ins=2;pos1671:del=84;pos1671:ins=16;pos1672:del=69;pos1672:ins=10
R2,amplicon,A12,T552L,B,PASS,L,7423,0.0214,pos1670:del=177;pos1670:ins=5;pos1671:del=77;pos1671:ins=29;pos1672:del=17;pos1672:ins=9
R2,amplicon,B12,L556W,B,PASS,W,5844,0.0301,pos1682:del=178;pos1682:ins=3;pos1683:del=14;pos1683:ins=72;pos1684:del=9;pos1684:ins=4
R2,amplicon,C12,E559D,B,PASS,D,7253,0.0226,pos1691:del=39;pos1691:ins=1;pos1692:del=8;pos1692:ins=35;pos1693:del=8;pos1693:ins=12
R2,amplicon,D12,R560G,B,PASS,G,7751,0.0037,pos1694:del=9;pos1694:ins=3;pos1695:del=1;pos1695:ins=3;pos1696:del=1;pos1696:ins=7
R2,amplicon,E12,R560A,B,PASS,A,6106,0.0255,pos1694:del=79;pos1694:ins=1;pos1695:del=56;pos1695:ins=6;pos1696:del=11;pos1696:ins=14
R2,amplicon,F12,R560S,B,PASS,S,6996,0.0212,pos1694:del=181;pos1694:ins=2;pos1695:del=5;pos1695:ins=5;pos1696:del=16;pos1696:ins=20
R2,amplicon,G12,R560P,B,PASS,P,7502,0.0163,pos1694:del=12;pos1694:ins=5;pos1695:del=89;pos1695:ins=4;pos1696:del=14;pos1696:ins=11
R2,amplicon,A1,V5F,C_bayesian_default,PASS,F,27842,0.0,codon=TTT
R2,amplicon,B1,V10L,C_bayesian_default,PASS,L,6066,0.0,codon=CTG
R2,amplicon,C1,S11E,C_bayesian_default,PASS,E,26462,0.0,codon=GAA
R2,amplicon,D1,N28T,C_bayesian_default,PASS,T,38527,0.0,codon=ACC
R2,amplicon,E1,D31N,C_bayesian_default,PASS,N,12570,0.0,codon=AAT
R2,amplicon,F1,I44V,C_bayesian_default,PASS,V,28353,0.0,codon=GTT
R2,amplicon,G1,V46I,C_bayesian_default,PASS,I,20556,0.0,codon=ATT
R2,amplicon,H1,Y47F,C_bayesian_default,PASS,F,55073,0.0,codon=TTC
R2,amplicon,A2,K53R,C_bayesian_default,PASS,R,8675,0.0,codon=CGC
R2,amplicon,B2,K53S,C_bayesian_default,PASS,S,1866,0.0,codon=AGC
R2,amplicon,C2,K53N,C_bayesian_default,PASS,N,5290,0.0,codon=AAC
R2,amplicon,D2,I62C,C_bayesian_default,PASS,C,8506,0.0,codon=TGC
R2,amplicon,E2,N63S,C_bayesian_default,PASS,S,5469,0.0,codon=TCC
R2,amplicon,F2,N63F,C_bayesian_default,PASS,F,5036,0.0,codon=TTC
R2,amplicon,G2,N64W,C_bayesian_default,LOWDEPTH,,20,,read_count_gate(20<30)
R2,amplicon,H2,R87M,C_bayesian_default,WRONG_AA_STILL_WT,R,129,0.0082,codon=CGT
R2,amplicon,A3,R87P,C_bayesian_default,WRONG_AA_STILL_WT,R,4565,0.0,codon=CGT
R2,amplicon,B3,R93A,C_bayesian_default,PASS,A,5793,0.0,codon=GCG
R2,amplicon,C3,V100F,C_bayesian_default,PASS,F,6541,0.0,codon=TTT
R2,amplicon,D3,V108F,C_bayesian_default,PASS,F,3811,0.0,codon=TTT
R2,amplicon,E3,V108I,C_bayesian_default,PASS,I,1928,0.0,codon=ATT
R2,amplicon,F3,V108L,C_bayesian_default,PASS,L,6738,0.0,codon=CTG
R2,amplicon,G3,S112M,C_bayesian_default,LOWDEPTH,,17,,read_count_gate(17<30)
R2,amplicon,H3,R124W,C_bayesian_default,PASS,W,6532,0.0,codon=TGG
R2,amplicon,A4,Q132M,C_bayesian_default,PASS,M,8273,0.0,codon=ATG
R2,amplicon,B4,Q132W,C_bayesian_default,PASS,W,11721,0.0,codon=TGG
R2,amplicon,C4,H183W,C_bayesian_default,PASS,W,9041,0.0,codon=TGG
R2,amplicon,D4,E189D,C_bayesian_default,PASS,D,23047,0.0,codon=GAT
R2,amplicon,E4,H209C,C_bayesian_default,PASS,C,2304,0.0006,codon=TGT
R2,amplicon,F4,Q213T,C_bayesian_default,PASS,T,5460,0.0,codon=ACC
R2,amplicon,G4,R214P,C_bayesian_default,PASS,P,5684,0.0,codon=CCG
R2,amplicon,H4,L215F,C_bayesian_default,PASS,F,33722,0.0,codon=TTT
R2,amplicon,A5,V218L,C_bayesian_default,WRONG_AA,W,3908,0.0,codon=TGG
R2,amplicon,B5,S220F,C_bayesian_default,PASS,F,3433,0.0,codon=TTT
R2,amplicon,C5,E222D,C_bayesian_default,WRONG_AA,K,2001,0.0,codon=AAG
R2,amplicon,D5,R225K,C_bayesian_default,PASS,K,2175,0.0,codon=AAA
R2,amplicon,E5,R225L,C_bayesian_default,PASS,L,2311,0.0,codon=CTG
R2,amplicon,F5,R225Q,C_bayesian_default,PASS,Q,4420,0.0,codon=CAG
R2,amplicon,G5,K227I,C_bayesian_default,PASS,I,4668,0.0,codon=ATT
R2,amplicon,H5,E228D,C_bayesian_default,WRONG_AA,I,14069,0.0,codon=ATA
R2,amplicon,A6,V248L,C_bayesian_default,PASS,L,6530,0.0,codon=CTG
R2,amplicon,B6,R251W,C_bayesian_default,PASS,W,4210,0.0,codon=TGG
R2,amplicon,C6,R254I,C_bayesian_default,PASS,I,2545,0.0,codon=ATT
R2,amplicon,D6,R254L,C_bayesian_default,PASS,L,7952,0.0,codon=CTG
R2,amplicon,E6,T256A,C_bayesian_default,PASS,A,2513,0.0,codon=GCG
R2,amplicon,F6,R261W,C_bayesian_default,PASS,W,2132,0.0,codon=TGG
R2,amplicon,G6,R261N,C_bayesian_default,WRONG_AA_STILL_WT,R,8125,0.0,codon=CGC
R2,amplicon,H6,T267W,C_bayesian_default,PASS,W,19459,0.0,codon=TGG
R2,amplicon,A7,T267H,C_bayesian_default,PASS,H,832,0.0,codon=CAT
R2,amplicon,B7,H270N,C_bayesian_default,PASS,N,2713,0.0,codon=AAC
R2,amplicon,C7,V286I,C_bayesian_default,PASS,I,3583,0.0,codon=ATT
R2,amplicon,D7,V299I,C_bayesian_default,PASS,I,4944,0.0,codon=ATT
R2,amplicon,E7,I308V,C_bayesian_default,PASS,V,1869,0.0,codon=GTG
R2,amplicon,F7,V334I,C_bayesian_default,PASS,I,4136,0.0,codon=ATT
R2,amplicon,G7,D339E,C_bayesian_default,PASS,E,903,0.0,codon=GAA
R2,amplicon,H7,L346F,C_bayesian_default,PASS,F,8222,0.0,codon=TTT
R2,amplicon,A8,Y360F,C_bayesian_default,WRONG_AA_STILL_WT,Y,287,0.0052,codon=TAT
R2,amplicon,B8,T397V,C_bayesian_default,PASS,V,5081,0.0,codon=GTT
R2,amplicon,C8,D401E,C_bayesian_default,PASS,E,22459,0.0,codon=GAA
R2,amplicon,D8,K409M,C_bayesian_default,PASS,M,8900,0.0,codon=ATG
R2,amplicon,E8,K409S,C_bayesian_default,PASS,S,9461,0.0,codon=AGC
R2,amplicon,F8,V424W,C_bayesian_default,PASS,W,15965,0.0,codon=TGG
R2,amplicon,G8,Q426D,C_bayesian_default,PASS,D,19288,0.0,codon=GAT
R2,amplicon,H8,Q426E,C_bayesian_default,PASS,E,38582,0.0,codon=GAA
R2,amplicon,A9,Q426N,C_bayesian_default,PASS,N,8638,0.0,codon=AAC
R2,amplicon,B9,I428V,C_bayesian_default,NO_CALL,,3134,0.0012,codon=NTC
R2,amplicon,C9,I442V,C_bayesian_default,PASS,V,8305,0.0,codon=GTT
R2,amplicon,D9,H448L,C_bayesian_default,PASS,L,11379,0.0,codon=CTC
R2,amplicon,E9,H448M,C_bayesian_default,PASS,M,5310,0.0,codon=ATG
R2,amplicon,F9,H448I,C_bayesian_default,PASS,I,8898,0.0,codon=ATC
R2,amplicon,G9,H448V,C_bayesian_default,PASS,V,7140,0.0,codon=GTC
R2,amplicon,H9,H448F,C_bayesian_default,PASS,F,5328,0.0,codon=TTT
R2,amplicon,A10,R477Q,C_bayesian_default,PASS,Q,11572,0.0,codon=CAG
R2,amplicon,B10,R477H,C_bayesian_default,PASS,H,2198,0.0,codon=CAT
R2,amplicon,C10,R477A,C_bayesian_default,PASS,A,2739,0.0,codon=GCT
R2,amplicon,D10,T478L,C_bayesian_default,PASS,L,3911,0.0,codon=CTC
R2,amplicon,E10,T478F,C_bayesian_default,PASS,F,6811,0.0,codon=TTC
R2,amplicon,F10,T478C,C_bayesian_default,PASS,C,2479,0.0,codon=TGC
R2,amplicon,G10,T487N,C_bayesian_default,PASS,N,9808,0.0,codon=AAC
R2,amplicon,H10,G508D,C_bayesian_default,PASS,D,27305,0.0,codon=GAT
R2,amplicon,A11,Q525N,C_bayesian_default,PASS,N,6457,0.0,codon=AAC
R2,amplicon,B11,T537A,C_bayesian_default,PASS,A,5186,0.0,codon=GCC
R2,amplicon,C11,V547I,C_bayesian_default,PASS,I,4111,0.0,codon=ATT
R2,amplicon,D11,V550P,C_bayesian_default,PASS,P,5938,0.0,codon=CCG
R2,amplicon,E11,V550C,C_bayesian_default,WRONG_AA,L,3809,0.0006,codon=CTT
R2,amplicon,F11,I551L,C_bayesian_default,PASS,L,4608,0.0,codon=CTT
R2,amplicon,G11,T552F,C_bayesian_default,PASS,F,3826,0.0,codon=TTC
R2,amplicon,H11,T552Y,C_bayesian_default,PASS,Y,12330,0.0,codon=TAC
R2,amplicon,A12,T552L,C_bayesian_default,PASS,L,10788,0.0,codon=CTC
R2,amplicon,B12,L556W,C_bayesian_default,PASS,W,6550,0.0,codon=TGG
R2,amplicon,C12,E559D,C_bayesian_default,PASS,D,8006,0.0,codon=GAT
R2,amplicon,D12,R560G,C_bayesian_default,PASS,G,15096,0.0,codon=GGC
R2,amplicon,E12,R560A,C_bayesian_default,PASS,A,6748,0.0,codon=GCC
R2,amplicon,F12,R560S,C_bayesian_default,PASS,S,7593,0.0,codon=AGC
R2,amplicon,G12,R560P,C_bayesian_default,PASS,P,9081,0.0,codon=CCC
R2,amplicon,A1,V5F,C_r10.4_sup,PASS,F,27842,0.0,codon=TTT
R2,amplicon,B1,V10L,C_r10.4_sup,PASS,L,6066,0.0,codon=CTG
R2,amplicon,C1,S11E,C_r10.4_sup,PASS,E,26462,0.0,codon=GAA
R2,amplicon,D1,N28T,C_r10.4_sup,PASS,T,38527,0.0,codon=ACC
R2,amplicon,E1,D31N,C_r10.4_sup,PASS,N,12570,0.0,codon=AAT
R2,amplicon,F1,I44V,C_r10.4_sup,PASS,V,28353,0.0,codon=GTT
R2,amplicon,G1,V46I,C_r10.4_sup,PASS,I,20556,0.0,codon=ATT
R2,amplicon,H1,Y47F,C_r10.4_sup,PASS,F,55073,0.0,codon=TTC
R2,amplicon,A2,K53R,C_r10.4_sup,PASS,R,8675,0.0,codon=CGC
R2,amplicon,B2,K53S,C_r10.4_sup,PASS,S,1866,0.0,codon=AGC
R2,amplicon,C2,K53N,C_r10.4_sup,PASS,N,5290,0.0,codon=AAC
R2,amplicon,D2,I62C,C_r10.4_sup,PASS,C,8506,0.0,codon=TGC
R2,amplicon,E2,N63S,C_r10.4_sup,PASS,S,5469,0.0,codon=TCC
R2,amplicon,F2,N63F,C_r10.4_sup,PASS,F,5036,0.0,codon=TTC
R2,amplicon,G2,N64W,C_r10.4_sup,LOWDEPTH,,20,,read_count_gate(20<30)
R2,amplicon,H2,R87M,C_r10.4_sup,WRONG_AA_STILL_WT,R,129,0.0,codon=CGT
R2,amplicon,A3,R87P,C_r10.4_sup,WRONG_AA_STILL_WT,R,4565,0.0,codon=CGT
R2,amplicon,B3,R93A,C_r10.4_sup,PASS,A,5793,0.0,codon=GCG
R2,amplicon,C3,V100F,C_r10.4_sup,PASS,F,6541,0.0,codon=TTT
R2,amplicon,D3,V108F,C_r10.4_sup,PASS,F,3811,0.0,codon=TTT
R2,amplicon,E3,V108I,C_r10.4_sup,PASS,I,1928,0.0,codon=ATT
R2,amplicon,F3,V108L,C_r10.4_sup,PASS,L,6738,0.0,codon=CTG
R2,amplicon,G3,S112M,C_r10.4_sup,LOWDEPTH,,17,,read_count_gate(17<30)
R2,amplicon,H3,R124W,C_r10.4_sup,PASS,W,6532,0.0,codon=TGG
R2,amplicon,A4,Q132M,C_r10.4_sup,PASS,M,8273,0.0,codon=ATG
R2,amplicon,B4,Q132W,C_r10.4_sup,PASS,W,11721,0.0,codon=TGG
R2,amplicon,C4,H183W,C_r10.4_sup,PASS,W,9041,0.0,codon=TGG
R2,amplicon,D4,E189D,C_r10.4_sup,PASS,D,23047,0.0,codon=GAT
R2,amplicon,E4,H209C,C_r10.4_sup,PASS,C,2304,0.0,codon=TGT
R2,amplicon,F4,Q213T,C_r10.4_sup,PASS,T,5460,0.0,codon=ACC
R2,amplicon,G4,R214P,C_r10.4_sup,PASS,P,5684,0.0,codon=CCG
R2,amplicon,H4,L215F,C_r10.4_sup,PASS,F,33722,0.0,codon=TTT
R2,amplicon,A5,V218L,C_r10.4_sup,WRONG_AA,W,3908,0.0,codon=TGG
R2,amplicon,B5,S220F,C_r10.4_sup,PASS,F,3433,0.0,codon=TTT
R2,amplicon,C5,E222D,C_r10.4_sup,WRONG_AA,K,2001,0.0,codon=AAG
R2,amplicon,D5,R225K,C_r10.4_sup,PASS,K,2175,0.0,codon=AAA
R2,amplicon,E5,R225L,C_r10.4_sup,PASS,L,2311,0.0,codon=CTG
R2,amplicon,F5,R225Q,C_r10.4_sup,PASS,Q,4420,0.0,codon=CAG
R2,amplicon,G5,K227I,C_r10.4_sup,PASS,I,4668,0.0,codon=ATT
R2,amplicon,H5,E228D,C_r10.4_sup,WRONG_AA,I,14069,0.0,codon=ATA
R2,amplicon,A6,V248L,C_r10.4_sup,PASS,L,6530,0.0,codon=CTG
R2,amplicon,B6,R251W,C_r10.4_sup,PASS,W,4210,0.0,codon=TGG
R2,amplicon,C6,R254I,C_r10.4_sup,PASS,I,2545,0.0,codon=ATT
R2,amplicon,D6,R254L,C_r10.4_sup,PASS,L,7952,0.0,codon=CTG
R2,amplicon,E6,T256A,C_r10.4_sup,PASS,A,2513,0.0,codon=GCG
R2,amplicon,F6,R261W,C_r10.4_sup,PASS,W,2132,0.0,codon=TGG
R2,amplicon,G6,R261N,C_r10.4_sup,WRONG_AA_STILL_WT,R,8125,0.0,codon=CGC
R2,amplicon,H6,T267W,C_r10.4_sup,PASS,W,19459,0.0,codon=TGG
R2,amplicon,A7,T267H,C_r10.4_sup,PASS,H,832,0.0,codon=CAT
R2,amplicon,B7,H270N,C_r10.4_sup,PASS,N,2713,0.0,codon=AAC
R2,amplicon,C7,V286I,C_r10.4_sup,PASS,I,3583,0.0,codon=ATT
R2,amplicon,D7,V299I,C_r10.4_sup,PASS,I,4944,0.0,codon=ATT
R2,amplicon,E7,I308V,C_r10.4_sup,PASS,V,1869,0.0,codon=GTG
R2,amplicon,F7,V334I,C_r10.4_sup,PASS,I,4136,0.0,codon=ATT
R2,amplicon,G7,D339E,C_r10.4_sup,PASS,E,903,0.0,codon=GAA
R2,amplicon,H7,L346F,C_r10.4_sup,PASS,F,8222,0.0,codon=TTT
R2,amplicon,A8,Y360F,C_r10.4_sup,WRONG_AA_STILL_WT,Y,287,0.0,codon=TAT
R2,amplicon,B8,T397V,C_r10.4_sup,PASS,V,5081,0.0,codon=GTT
R2,amplicon,C8,D401E,C_r10.4_sup,PASS,E,22459,0.0,codon=GAA
R2,amplicon,D8,K409M,C_r10.4_sup,PASS,M,8900,0.0,codon=ATG
R2,amplicon,E8,K409S,C_r10.4_sup,PASS,S,9461,0.0,codon=AGC
R2,amplicon,F8,V424W,C_r10.4_sup,PASS,W,15965,0.0,codon=TGG
R2,amplicon,G8,Q426D,C_r10.4_sup,PASS,D,19288,0.0,codon=GAT
R2,amplicon,H8,Q426E,C_r10.4_sup,PASS,E,38582,0.0,codon=GAA
R2,amplicon,A9,Q426N,C_r10.4_sup,PASS,N,8638,0.0,codon=AAC
R2,amplicon,B9,I428V,C_r10.4_sup,PASS,V,3134,0.0,codon=GTC
R2,amplicon,C9,I442V,C_r10.4_sup,PASS,V,8305,0.0,codon=GTT
R2,amplicon,D9,H448L,C_r10.4_sup,PASS,L,11379,0.0,codon=CTC
R2,amplicon,E9,H448M,C_r10.4_sup,PASS,M,5310,0.0,codon=ATG
R2,amplicon,F9,H448I,C_r10.4_sup,PASS,I,8898,0.0,codon=ATC
R2,amplicon,G9,H448V,C_r10.4_sup,PASS,V,7140,0.0,codon=GTC
R2,amplicon,H9,H448F,C_r10.4_sup,PASS,F,5328,0.0,codon=TTT
R2,amplicon,A10,R477Q,C_r10.4_sup,PASS,Q,11572,0.0,codon=CAG
R2,amplicon,B10,R477H,C_r10.4_sup,PASS,H,2198,0.0,codon=CAT
R2,amplicon,C10,R477A,C_r10.4_sup,PASS,A,2739,0.0,codon=GCT
R2,amplicon,D10,T478L,C_r10.4_sup,PASS,L,3911,0.0,codon=CTC
R2,amplicon,E10,T478F,C_r10.4_sup,PASS,F,6811,0.0,codon=TTC
R2,amplicon,F10,T478C,C_r10.4_sup,PASS,C,2479,0.0,codon=TGC
R2,amplicon,G10,T487N,C_r10.4_sup,PASS,N,9808,0.0,codon=AAC
R2,amplicon,H10,G508D,C_r10.4_sup,PASS,D,27305,0.0,codon=GAT
R2,amplicon,A11,Q525N,C_r10.4_sup,PASS,N,6457,0.0,codon=AAC
R2,amplicon,B11,T537A,C_r10.4_sup,PASS,A,5186,0.0,codon=GCC
R2,amplicon,C11,V547I,C_r10.4_sup,PASS,I,4111,0.0,codon=ATT
R2,amplicon,D11,V550P,C_r10.4_sup,PASS,P,5938,0.0,codon=CCG
R2,amplicon,E11,V550C,C_r10.4_sup,WRONG_AA,L,3809,0.0006,codon=CTT
R2,amplicon,F11,I551L,C_r10.4_sup,PASS,L,4608,0.0,codon=CTT
R2,amplicon,G11,T552F,C_r10.4_sup,PASS,F,3826,0.0,codon=TTC
R2,amplicon,H11,T552Y,C_r10.4_sup,PASS,Y,12330,0.0,codon=TAC
R2,amplicon,A12,T552L,C_r10.4_sup,PASS,L,10788,0.0,codon=CTC
R2,amplicon,B12,L556W,C_r10.4_sup,PASS,W,6550,0.0,codon=TGG
R2,amplicon,C12,E559D,C_r10.4_sup,PASS,D,8006,0.0,codon=GAT
R2,amplicon,D12,R560G,C_r10.4_sup,PASS,G,15096,0.0,codon=GGC
R2,amplicon,E12,R560A,C_r10.4_sup,PASS,A,6748,0.0,codon=GCC
R2,amplicon,F12,R560S,C_r10.4_sup,PASS,S,7593,0.0,codon=AGC
R2,amplicon,G12,R560P,C_r10.4_sup,PASS,P,9081,0.0,codon=CCC
R3-1,cds,A1,S11I,B,PASS,I,512,0.0273,pos31:del=3;pos32:del=3;pos33:del=1
R3-1,cds,B1,S22T,B,PASS,T,751,0.0093,pos64:del=1
R3-1,cds,C1,N28S,B,PASS,S,4731,0.0184,pos82:del=1;pos82:ins=13;pos83:del=15;pos83:ins=3;pos84:del=16;pos84:ins=10
R3-1,cds,D1,S38F,B,PASS,F,1920,0.0094,pos112:ins=2;pos113:del=11;pos113:ins=1;pos114:ins=1
R3-1,cds,E1,D39E,B,PASS,E,925,0.0032,pos115:ins=1;pos117:del=1
R3-1,cds,F1,E42D,B,PASS,D,613,0.0098,pos125:ins=2
R3-1,cds,G1,I44L,B,PASS,L,2751,0.0887,pos130:del=10;pos130:ins=172;pos131:del=1;pos131:ins=2;pos132:del=1;pos132:ins=2
R3-1,cds,H1,D49E,B,PASS,E,3529,0.0065,pos145:del=2;pos145:ins=8;pos146:del=63;pos147:del=81;pos147:ins=1
R3-1,cds,A2,K53I,B,PASS,I,199,0.0198,pos157:del=1;pos158:ins=1
R3-1,cds,B2,V58I,B,PASS,I,556,0.018,pos172:ins=1;pos174:ins=1
R3-1,cds,C2,R59C,B,PASS,C,1182,0.0313,pos175:del=5;pos176:del=4;pos177:del=2;pos177:ins=3
R3-1,cds,D2,R81C,B,PASS,C,551,0.0163,pos241:ins=2
R3-1,cds,E2,R87K,B,PASS,K,257,0.0265,pos259:del=2;pos260:del=2;pos260:ins=1;pos261:del=1
R3-1,cds,F2,I92D,B,PASS,D,126,0.0238,pos275:del=1
R3-1,cds,G2,I92M,B,PASS,M,577,0.0395,pos274:del=1;pos274:ins=1;pos275:del=2;pos275:ins=4;pos276:del=4;pos276:ins=1
R3-1,cds,H2,R93C,B,PASS,C,1092,0.0191,pos277:del=1;pos278:del=3;pos279:del=2
R3-1,cds,A3,A95P,B,PASS,P,62,0.0161,
R3-1,cds,B3,A95M,B,PASS,M,676,0.0117,pos283:del=7;pos284:del=7;pos285:del=2
R3-1,cds,C3,A95Q,B,PASS,Q,1359,0.0234,pos283:del=3;pos283:ins=1;pos284:del=4;pos284:ins=2;pos285:del=1;pos285:ins=1
R3-1,cds,D3,R98A,B,PASS,A,480,0.0167,pos292:del=4;pos293:del=2;pos293:ins=1
R3-1,cds,E3,R98T,B,PASS,T,393,0.0278,pos292:del=1;pos293:del=1
R3-1,cds,F3,G104D,B,PASS,D,75,0.0267,
R3-1,cds,G3,G104E,B,MIXED,E,631,0.233,pos310:del=169;pos311:del=1;pos311:ins=1;pos312:del=2
R3-1,cds,H3,S112C,B,PASS,C,938,0.0137,pos334:del=14;pos335:del=3;pos336:del=3
R3-1,cds,A4,R124K,B,PASS,K,679,0.0378,pos370:del=2;pos372:del=3
R3-1,cds,B4,E129D,B,PASS,D,1839,0.0152,pos385:del=1;pos385:ins=1;pos386:ins=1;pos387:del=2;pos387:ins=1
R3-1,cds,C4,V130I,B,PASS,I,2716,0.0247,pos388:del=2;pos389:del=1;pos389:ins=1;pos390:del=1;pos390:ins=1
R3-1,cds,D4,G137N,B,PASS,N,1711,0.0158,pos409:del=5;pos409:ins=4;pos410:del=1;pos410:ins=1
R3-1,cds,E4,S158C,B,PASS,C,945,0.0116,pos472:del=3;pos472:ins=1;pos473:del=6;pos474:del=6;pos474:ins=1
R3-1,cds,F4,A176M,B,PASS,M,704,0.0207,pos526:del=1;pos527:del=1;pos528:ins=3
R3-1,cds,G4,V178I,B,PASS,I,1441,0.0541,pos532:del=26;pos532:ins=2;pos533:del=15;pos533:ins=1;pos534:del=4;pos534:ins=28
R3-1,cds,H4,E186D,B,PASS,D,1897,0.0132,pos556:del=3;pos557:del=2;pos557:ins=4;pos558:del=2;pos558:ins=2
R3-1,cds,A5,E190D,B,PASS,D,234,0.0298,pos568:del=1;pos569:del=3;pos569:ins=1;pos570:del=3
R3-1,cds,B5,G193D,B,PASS,D,404,0.0148,pos578:ins=1
R3-1,cds,C5,V200I,B,PASS,I,1184,0.0489,pos598:del=1;pos598:ins=1;pos600:del=2
R3-1,cds,D5,V200M,B,PASS,M,591,0.0203,pos598:del=3;pos598:ins=1;pos599:del=1;pos599:ins=3;pos600:del=2;pos600:ins=1
R3-1,cds,E5,H209F,B,PASS,F,268,0.0299,pos625:del=3;pos626:del=1;pos627:del=1
R3-1,cds,F5,E216D,B,PASS,D,162,0.0432,
R3-1,cds,G5,L219F,B,PASS,F,525,0.0686,pos655:del=6
R3-1,cds,H5,S220W,B,PASS,W,1105,0.0208,pos658:del=1;pos659:del=4;pos660:del=1
R3-1,cds,A6,S220N,B,PASS,N,250,0.0397,pos658:ins=1;pos660:ins=1
R3-1,cds,B6,A223M,B,PASS,M,468,0.0448,pos667:del=3;pos668:del=4;pos669:del=2
R3-1,cds,C6,A223N,B,PASS,N,829,0.1082,pos667:del=2;pos668:del=2;pos669:del=5;pos669:ins=3
R3-1,cds,D6,A223Q,B,PASS,Q,883,0.0192,pos667:del=4;pos668:del=2;pos669:del=1
R3-1,cds,E6,V233I,B,PASS,I,329,0.0334,pos697:del=2;pos698:del=2;pos699:del=1
R3-1,cds,F6,V248I,B,PASS,I,238,0.0294,pos742:del=1;pos743:del=1;pos744:del=3
R3-1,cds,G6,R254T,B,PASS,T,603,0.0362,pos760:del=50;pos761:del=53;pos762:del=54
R3-1,cds,H6,R258K,B,PASS,K,1595,0.0225,pos772:del=12;pos772:ins=1;pos773:del=6;pos773:ins=6;pos774:del=3;pos774:ins=1
R3-1,cds,A7,R262N,B,PASS,N,151,0.0861,pos784:ins=1
R3-1,cds,B7,R262T,B,PASS,T,384,0.0208,pos784:del=2;pos785:del=2;pos786:del=1
R3-1,cds,C7,V263I,B,PASS,I,758,0.1741,pos787:del=1;pos787:ins=1;pos788:ins=2;pos789:del=1
R3-1,cds,D7,I277V,B,PASS,V,494,0.0138,
R3-1,cds,E7,V284I,B,PASS,I,189,0.0156,pos850:del=1;pos851:del=1;pos852:del=1
R3-1,cds,F7,Q291E,B,PASS,E,134,0.0149,pos871:del=1;pos872:del=1;pos873:del=1
R3-1,cds,G7,Q291N,B,PASS,N,436,0.0433,pos871:del=3;pos872:del=5;pos873:del=6
R3-1,cds,H7,V315I,B,PASS,I,917,0.0119,pos943:del=2;pos944:del=1;pos945:del=1
R3-1,cds,A8,V329I,B,PASS,I,1102,0.058,pos985:del=1;pos986:del=1;pos987:ins=1
R3-1,cds,B8,I337M,B,PASS,M,2214,0.0821,pos1009:del=4;pos1009:ins=1;pos1010:del=6;pos1010:ins=2;pos1011:del=1;pos1011:ins=1
R3-1,cds,C8,D342E,B,PASS,E,6416,0.0742,pos1024:del=2;pos1024:ins=7;pos1025:ins=1;pos1026:del=6;pos1026:ins=1
R3-1,cds,D8,E365D,B,PASS,D,3101,0.1071,pos1093:del=3;pos1093:ins=2;pos1094:del=8;pos1094:ins=2;pos1095:del=4;pos1095:ins=3
R3-1,cds,E8,L371M,B,PASS,M,1660,0.0633,pos1111:del=1;pos1112:del=1;pos1113:del=2
R3-1,cds,F8,G405A,B,PASS,A,650,0.0938,pos1213:del=1;pos1214:del=1
R3-1,cds,G8,V424I,B,PASS,I,3440,0.0991,pos1270:del=12;pos1271:del=7;pos1271:ins=1;pos1272:del=6;pos1272:ins=2
R3-1,cds,H8,V425I,B,PASS,I,3784,0.0546,pos1273:del=1;pos1273:ins=3;pos1275:del=24
R3-1,cds,A9,K429S,B,PASS,S,298,0.0503,pos1285:del=5;pos1285:ins=1;pos1286:del=4;pos1287:del=4
R3-1,cds,B9,K429N,B,PASS,N,765,0.1417,pos1285:del=4;pos1285:ins=1;pos1286:del=4;pos1287:del=3;pos1287:ins=1
R3-1,cds,C9,E432D,B,PASS,D,1323,0.1497,pos1294:del=4;pos1294:ins=4;pos1295:ins=1
R3-1,cds,D9,K438N,B,PASS,N,1242,0.0697,pos1312:del=2;pos1313:del=3;pos1314:del=3;pos1314:ins=1
R3-1,cds,E9,I443V,B,PASS,V,307,0.0924,pos1327:del=2;pos1327:ins=1;pos1328:del=1;pos1329:del=4;pos1329:ins=1
R3-1,cds,F9,R445C,B,PASS,C,197,0.0837,pos1333:ins=1;pos1335:del=1
R3-1,cds,G9,H448A,B,PASS,A,589,0.1049,pos1342:del=11;pos1343:del=9;pos1343:ins=1;pos1344:del=4
R3-1,cds,H9,E496D,B,PASS,D,1515,0.0807,pos1486:del=4;pos1486:ins=1;pos1487:del=10;pos1487:ins=4;pos1488:del=2;pos1488:ins=5
R3-1,cds,A10,G507C,B,PASS,C,480,0.0792,
R3-1,cds,B10,H531D,B,PASS,D,1220,0.032,pos1591:del=4;pos1591:ins=1;pos1592:del=1;pos1592:ins=1;pos1593:del=1
R3-1,cds,C10,N532D,B,PASS,D,2795,0.0529,pos1594:del=7;pos1595:del=7;pos1595:ins=1;pos1596:del=7
R3-1,cds,D10,E541D,B,PASS,D,1204,0.043,pos1621:del=2;pos1621:ins=2;pos1622:del=3;pos1622:ins=5;pos1623:del=4;pos1623:ins=3
R3-1,cds,E10,L542N,B,PASS,N,451,0.0611,pos1624:del=6;pos1625:del=19;pos1626:del=14
R3-1,cds,F10,L542I,B,PASS,I,202,0.0297,
R3-1,cds,G10,V550I,B,PASS,I,1487,0.0477,pos1648:del=5;pos1648:ins=1;pos1649:del=6;pos1650:del=5
R3-1,cds,H10,T552W,B,PASS,W,2194,0.0305,pos1654:del=31;pos1654:ins=1;pos1655:del=13;pos1655:ins=2;pos1656:del=11;pos1656:ins=2
R3-1,cds,A11,T552S,B,PASS,S,184,0.0543,pos1654:ins=1;pos1655:del=1;pos1655:ins=1;pos1656:ins=1
R3-1,cds,B11,I555V,B,PASS,V,489,0.0323,pos1663:del=1;pos1663:ins=1;pos1664:del=1;pos1664:ins=1;pos1665:del=2;pos1665:ins=1
R3-1,cds,C11,I555C,B,PASS,C,716,0.067,pos1663:del=6;pos1664:del=5;pos1664:ins=2;pos1665:del=2
R3-1,cds,D11,I555L,B,PASS,L,523,0.042,pos1665:del=1
R3-1,cds,E11,L556I,B,PASS,I,236,0.0331,pos1666:del=1;pos1667:del=1;pos1667:ins=1;pos1668:del=8
R3-1,cds,F11,L556F,B,PASS,F,122,0.0164,pos1666:del=4;pos1668:del=2
R3-1,cds,G11,R560D,B,LOWDEPTH,R,23,0.0,pos1678:del=4
R3-1,cds,H11,R560N,B,LOWDEPTH,R,24,0.0,
R3-1,cds,A12,R560E,B,LOWDEPTH,R,3,0.3333,
R3-1,cds,B12,R560Q,B,LOWDEPTH,R,6,0.0,
R3-1,cds,C12,R560K,B,LOWDEPTH,R,17,0.0,
R3-1,cds,D12,R560L,B,LOWDEPTH,R,10,0.2,pos1679:del=1
R3-1,cds,E12,R560T,B,LOWDEPTH,P,6,0.3333,pos1679:del=12
R3-1,cds,F12,R560V,B,LOWDEPTH,R,3,0.0,
R3-1,cds,G12,R560M,B,LOWDEPTH,R,10,0.2,pos1679:del=1
R3-1,cds,A1,S11I,C_bayesian_default,PASS,I,530,0.0,codon=ATT
R3-1,cds,B1,S22T,C_bayesian_default,PASS,T,771,0.0,codon=ACT
R3-1,cds,C1,N28S,C_bayesian_default,PASS,S,4982,0.0,codon=AGC
R3-1,cds,D1,S38F,C_bayesian_default,PASS,F,1991,0.0,codon=TTT
R3-1,cds,E1,D39E,C_bayesian_default,PASS,E,956,0.0,codon=GAA
R3-1,cds,F1,E42D,C_bayesian_default,PASS,D,623,0.0,codon=GAT
R3-1,cds,G1,I44L,C_bayesian_default,NO_CALL,,2819,0.0006,codon=NTG
R3-1,cds,H1,D49E,C_bayesian_default,PASS,E,3720,0.0,codon=GAA
R3-1,cds,A2,K53I,C_bayesian_default,PASS,I,208,0.0,codon=ATT
R3-1,cds,B2,V58I,C_bayesian_default,PASS,I,585,0.0,codon=ATT
R3-1,cds,C2,R59C,C_bayesian_default,PASS,C,1237,0.0,codon=TGT
R3-1,cds,D2,R81C,C_bayesian_default,PASS,C,579,0.0,codon=TGT
R3-1,cds,E2,R87K,C_bayesian_default,PASS,K,275,0.0,codon=AAA
R3-1,cds,F2,I92D,C_bayesian_default,PASS,D,131,0.0,codon=GAC
R3-1,cds,G2,I92M,C_bayesian_default,PASS,M,625,0.0,codon=ATG
R3-1,cds,H2,R93C,C_bayesian_default,PASS,C,1147,0.0,codon=TGC
R3-1,cds,A3,A95P,C_bayesian_default,PASS,P,63,0.0,codon=CCT
R3-1,cds,B3,A95M,C_bayesian_default,PASS,M,728,0.0,codon=ATG
R3-1,cds,C3,A95Q,C_bayesian_default,PASS,Q,1407,0.0,codon=CAG
R3-1,cds,D3,R98A,C_bayesian_default,PASS,A,499,0.0,codon=GCC
R3-1,cds,E3,R98T,C_bayesian_default,PASS,T,421,0.0,codon=ACC
R3-1,cds,F3,G104D,C_bayesian_default,PASS,D,77,0.0,codon=GAT
R3-1,cds,G3,G104E,C_bayesian_default,NO_CALL,,822,0.0012,codon=GNA
R3-1,cds,H3,S112C,C_bayesian_default,PASS,C,1016,0.0,codon=TGC
R3-1,cds,A4,R124K,C_bayesian_default,PASS,K,703,0.0,codon=AAA
R3-1,cds,B4,E129D,C_bayesian_default,PASS,D,1904,0.0,codon=GAT
R3-1,cds,C4,V130I,C_bayesian_default,PASS,I,2767,0.0,codon=ATT
R3-1,cds,D4,G137N,C_bayesian_default,PASS,N,1763,0.0,codon=AAC
R3-1,cds,E4,S158C,C_bayesian_default,PASS,C,994,0.0,codon=TGC
R3-1,cds,F4,A176M,C_bayesian_default,PASS,M,753,0.0,codon=ATG
R3-1,cds,G4,V178I,C_bayesian_default,PASS,I,1564,0.0,codon=ATA
R3-1,cds,H4,E186D,C_bayesian_default,PASS,D,1948,0.0,codon=GAT
R3-1,cds,A5,E190D,C_bayesian_default,PASS,D,248,0.0,codon=GAT
R3-1,cds,B5,G193D,C_bayesian_default,PASS,D,420,0.0,codon=GAT
R3-1,cds,C5,V200I,C_bayesian_default,PASS,I,1231,0.0,codon=ATT
R3-1,cds,D5,V200M,C_bayesian_default,PASS,M,641,0.0,codon=ATG
R3-1,cds,E5,H209F,C_bayesian_default,PASS,F,287,0.0,codon=TTT
R3-1,cds,F5,E216D,C_bayesian_default,PASS,D,168,0.0,codon=GAT
R3-1,cds,G5,L219F,C_bayesian_default,PASS,F,542,0.0,codon=TTT
R3-1,cds,H5,S220W,C_bayesian_default,PASS,W,1139,0.0,codon=TGG
R3-1,cds,A6,S220N,C_bayesian_default,PASS,N,263,0.0,codon=AAC
R3-1,cds,B6,A223M,C_bayesian_default,PASS,M,477,0.0,codon=ATG
R3-1,cds,C6,A223N,C_bayesian_default,NO_CALL,,863,0.0018,codon=NNN
R3-1,cds,D6,A223Q,C_bayesian_default,PASS,Q,904,0.0,codon=CAA
R3-1,cds,E6,V233I,C_bayesian_default,PASS,I,345,0.0,codon=ATT
R3-1,cds,F6,V248I,C_bayesian_default,PASS,I,256,0.0,codon=ATT
R3-1,cds,G6,R254T,C_bayesian_default,PASS,T,681,0.0,codon=ACC
R3-1,cds,H6,R258K,C_bayesian_default,PASS,K,1713,0.0,codon=AAA
R3-1,cds,A7,R262N,C_bayesian_default,PASS,N,161,0.0,codon=AAT
R3-1,cds,B7,R262T,C_bayesian_default,PASS,T,417,0.0,codon=ACT
R3-1,cds,C7,V263I,C_bayesian_default,NO_CALL,,799,0.0012,codon=NTN
R3-1,cds,D7,I277V,C_bayesian_default,PASS,V,527,0.0,codon=GTT
R3-1,cds,E7,V284I,C_bayesian_default,PASS,I,201,0.0,codon=ATA
R3-1,cds,F7,Q291E,C_bayesian_default,PASS,E,144,0.0,codon=GAA
R3-1,cds,G7,Q291N,C_bayesian_default,PASS,N,470,0.0,codon=AAC
R3-1,cds,H7,V315I,C_bayesian_default,PASS,I,958,0.0,codon=ATT
R3-1,cds,A8,V329I,C_bayesian_default,PASS,I,1148,0.0,codon=ATT
R3-1,cds,B8,I337M,C_bayesian_default,NO_CALL,,2266,0.0006,codon=ATN
R3-1,cds,C8,D342E,C_bayesian_default,PASS,E,6560,0.0,codon=GAA
R3-1,cds,D8,E365D,C_bayesian_default,NO_CALL,,3133,0.0006,codon=GAN
R3-1,cds,E8,L371M,C_bayesian_default,PASS,M,1705,0.0,codon=ATG
R3-1,cds,F8,G405A,C_bayesian_default,NO_CALL,,670,0.0006,codon=GNT
R3-1,cds,G8,V424I,C_bayesian_default,NO_CALL,,3545,0.0012,codon=NTN
R3-1,cds,H8,V425I,C_bayesian_default,PASS,I,3896,0.0,codon=ATT
R3-1,cds,A9,K429S,C_bayesian_default,PASS,S,325,0.0,codon=AGC
R3-1,cds,B9,K429N,C_bayesian_default,NO_CALL,,806,0.0006,codon=AAN
R3-1,cds,C9,E432D,C_bayesian_default,NO_CALL,,1369,0.0006,codon=GAN
R3-1,cds,D9,K438N,C_bayesian_default,PASS,N,1294,0.0,codon=AAC
R3-1,cds,E9,I443V,C_bayesian_default,PASS,V,370,0.0,codon=GTC
R3-1,cds,F9,R445C,C_bayesian_default,PASS,C,221,0.0,codon=TGC
R3-1,cds,G9,H448A,C_bayesian_default,NO_CALL,,658,0.0012,codon=NNC
R3-1,cds,H9,E496D,C_bayesian_default,PASS,D,1634,0.0,codon=GAT
R3-1,cds,A10,G507C,C_bayesian_default,PASS,C,501,0.0,codon=TGC
R3-1,cds,B10,H531D,C_bayesian_default,PASS,D,1272,0.0,codon=GAT
R3-1,cds,C10,N532D,C_bayesian_default,PASS,D,2928,0.0,codon=GAT
R3-1,cds,D10,E541D,C_bayesian_default,PASS,D,1286,0.0,codon=GAT
R3-1,cds,E10,L542N,C_bayesian_default,PASS,N,489,0.0,codon=AAC
R3-1,cds,F10,L542I,C_bayesian_default,PASS,I,211,0.0,codon=ATT
R3-1,cds,G10,V550I,C_bayesian_default,PASS,I,1547,0.0,codon=ATT
R3-1,cds,H10,T552W,C_bayesian_default,PASS,W,2495,0.0,codon=TGG
R3-1,cds,A11,T552S,C_bayesian_default,PASS,S,199,0.0,codon=AGC
R3-1,cds,B11,I555V,C_bayesian_default,PASS,V,552,0.0,codon=GTT
R3-1,cds,C11,I555C,C_bayesian_default,PASS,C,769,0.0006,codon=TGT
R3-1,cds,D11,I555L,C_bayesian_default,PASS,L,557,0.0,codon=CTT
R3-1,cds,E11,L556I,C_bayesian_default,PASS,I,261,0.0,codon=ATT
R3-1,cds,F11,L556F,C_bayesian_default,PASS,F,136,0.0,codon=TTT
R3-1,cds,G11,R560D,C_bayesian_default,WRONG_AA_STILL_WT,R,527,0.0,codon=CGC
R3-1,cds,H11,R560N,C_bayesian_default,WRONG_AA_STILL_WT,R,631,0.0,codon=CGC
R3-1,cds,A12,R560E,C_bayesian_default,WRONG_AA_STILL_WT,R,115,0.0,codon=CGC
R3-1,cds,B12,R560Q,C_bayesian_default,WRONG_AA_STILL_WT,R,581,0.0,codon=CGC
R3-1,cds,C12,R560K,C_bayesian_default,WRONG_AA_STILL_WT,R,1246,0.0,codon=CGC
R3-1,cds,D12,R560L,C_bayesian_default,WRONG_AA_STILL_WT,R,809,0.0,codon=CGC
R3-1,cds,E12,R560T,C_bayesian_default,WRONG_AA,P,292,0.0,codon=CCT
R3-1,cds,F12,R560V,C_bayesian_default,WRONG_AA_STILL_WT,R,118,0.0,codon=CGC
R3-1,cds,G12,R560M,C_bayesian_default,WRONG_AA_STILL_WT,R,647,0.0,codon=CGC
R3-1,cds,A1,S11I,C_r10.4_sup,PASS,I,530,0.0,codon=ATT
R3-1,cds,B1,S22T,C_r10.4_sup,PASS,T,771,0.0,codon=ACT
R3-1,cds,C1,N28S,C_r10.4_sup,PASS,S,4982,0.0,codon=AGC
R3-1,cds,D1,S38F,C_r10.4_sup,PASS,F,1991,0.0,codon=TTT
R3-1,cds,E1,D39E,C_r10.4_sup,PASS,E,956,0.0,codon=GAA
R3-1,cds,F1,E42D,C_r10.4_sup,PASS,D,623,0.0,codon=GAT
R3-1,cds,G1,I44L,C_r10.4_sup,PASS,L,2819,0.0,codon=CTG
R3-1,cds,H1,D49E,C_r10.4_sup,PASS,E,3720,0.0,codon=GAA
R3-1,cds,A2,K53I,C_r10.4_sup,PASS,I,208,0.0,codon=ATT
R3-1,cds,B2,V58I,C_r10.4_sup,PASS,I,585,0.0,codon=ATT
R3-1,cds,C2,R59C,C_r10.4_sup,PASS,C,1237,0.0,codon=TGT
R3-1,cds,D2,R81C,C_r10.4_sup,PASS,C,579,0.0,codon=TGT
R3-1,cds,E2,R87K,C_r10.4_sup,PASS,K,275,0.0,codon=AAA
R3-1,cds,F2,I92D,C_r10.4_sup,PASS,D,131,0.0,codon=GAC
R3-1,cds,G2,I92M,C_r10.4_sup,PASS,M,625,0.0,codon=ATG
R3-1,cds,H2,R93C,C_r10.4_sup,PASS,C,1147,0.0,codon=TGC
R3-1,cds,A3,A95P,C_r10.4_sup,PASS,P,63,0.0,codon=CCT
R3-1,cds,B3,A95M,C_r10.4_sup,PASS,M,728,0.0,codon=ATG
R3-1,cds,C3,A95Q,C_r10.4_sup,PASS,Q,1407,0.0,codon=CAG
R3-1,cds,D3,R98A,C_r10.4_sup,PASS,A,499,0.0,codon=GCC
R3-1,cds,E3,R98T,C_r10.4_sup,PASS,T,421,0.0,codon=ACC
R3-1,cds,F3,G104D,C_r10.4_sup,PASS,D,77,0.0,codon=GAT
R3-1,cds,G3,G104E,C_r10.4_sup,PASS,E,822,0.0,codon=GAA
R3-1,cds,H3,S112C,C_r10.4_sup,PASS,C,1016,0.0,codon=TGC
R3-1,cds,A4,R124K,C_r10.4_sup,PASS,K,703,0.0,codon=AAA
R3-1,cds,B4,E129D,C_r10.4_sup,PASS,D,1904,0.0,codon=GAT
R3-1,cds,C4,V130I,C_r10.4_sup,PASS,I,2767,0.0,codon=ATT
R3-1,cds,D4,G137N,C_r10.4_sup,PASS,N,1763,0.0,codon=AAC
R3-1,cds,E4,S158C,C_r10.4_sup,PASS,C,994,0.0,codon=TGC
R3-1,cds,F4,A176M,C_r10.4_sup,PASS,M,753,0.0,codon=ATG
R3-1,cds,G4,V178I,C_r10.4_sup,PASS,I,1564,0.0,codon=ATA
R3-1,cds,H4,E186D,C_r10.4_sup,PASS,D,1948,0.0,codon=GAT
R3-1,cds,A5,E190D,C_r10.4_sup,PASS,D,248,0.0,codon=GAT
R3-1,cds,B5,G193D,C_r10.4_sup,PASS,D,420,0.0,codon=GAT
R3-1,cds,C5,V200I,C_r10.4_sup,PASS,I,1231,0.0,codon=ATT
R3-1,cds,D5,V200M,C_r10.4_sup,PASS,M,641,0.0,codon=ATG
R3-1,cds,E5,H209F,C_r10.4_sup,PASS,F,287,0.0,codon=TTT
R3-1,cds,F5,E216D,C_r10.4_sup,PASS,D,168,0.0,codon=GAT
R3-1,cds,G5,L219F,C_r10.4_sup,PASS,F,542,0.0,codon=TTT
R3-1,cds,H5,S220W,C_r10.4_sup,PASS,W,1139,0.0,codon=TGG
R3-1,cds,A6,S220N,C_r10.4_sup,PASS,N,263,0.0,codon=AAC
R3-1,cds,B6,A223M,C_r10.4_sup,PASS,M,477,0.0,codon=ATG
R3-1,cds,C6,A223N,C_r10.4_sup,PASS,N,863,0.0,codon=AAC
R3-1,cds,D6,A223Q,C_r10.4_sup,PASS,Q,904,0.0,codon=CAA
R3-1,cds,E6,V233I,C_r10.4_sup,PASS,I,345,0.0,codon=ATT
R3-1,cds,F6,V248I,C_r10.4_sup,PASS,I,256,0.0,codon=ATT
R3-1,cds,G6,R254T,C_r10.4_sup,PASS,T,681,0.0,codon=ACC
R3-1,cds,H6,R258K,C_r10.4_sup,PASS,K,1713,0.0,codon=AAA
R3-1,cds,A7,R262N,C_r10.4_sup,PASS,N,161,0.0,codon=AAT
R3-1,cds,B7,R262T,C_r10.4_sup,PASS,T,417,0.0,codon=ACT
R3-1,cds,C7,V263I,C_r10.4_sup,PASS,I,799,0.0,codon=ATT
R3-1,cds,D7,I277V,C_r10.4_sup,PASS,V,527,0.0,codon=GTT
R3-1,cds,E7,V284I,C_r10.4_sup,PASS,I,201,0.0,codon=ATA
R3-1,cds,F7,Q291E,C_r10.4_sup,PASS,E,144,0.0,codon=GAA
R3-1,cds,G7,Q291N,C_r10.4_sup,PASS,N,470,0.0,codon=AAC
R3-1,cds,H7,V315I,C_r10.4_sup,PASS,I,958,0.0,codon=ATT
R3-1,cds,A8,V329I,C_r10.4_sup,PASS,I,1148,0.0,codon=ATT
R3-1,cds,B8,I337M,C_r10.4_sup,PASS,M,2266,0.0,codon=ATG
R3-1,cds,C8,D342E,C_r10.4_sup,PASS,E,6560,0.0,codon=GAA
R3-1,cds,D8,E365D,C_r10.4_sup,PASS,D,3133,0.0,codon=GAT
R3-1,cds,E8,L371M,C_r10.4_sup,PASS,M,1705,0.0,codon=ATG
R3-1,cds,F8,G405A,C_r10.4_sup,PASS,A,670,0.0,codon=GCT
R3-1,cds,G8,V424I,C_r10.4_sup,PASS,I,3545,0.0,codon=ATT
R3-1,cds,H8,V425I,C_r10.4_sup,PASS,I,3896,0.0,codon=ATT
R3-1,cds,A9,K429S,C_r10.4_sup,PASS,S,325,0.0,codon=AGC
R3-1,cds,B9,K429N,C_r10.4_sup,PASS,N,806,0.0,codon=AAC
R3-1,cds,C9,E432D,C_r10.4_sup,PASS,D,1369,0.0,codon=GAT
R3-1,cds,D9,K438N,C_r10.4_sup,PASS,N,1294,0.0,codon=AAC
R3-1,cds,E9,I443V,C_r10.4_sup,PASS,V,370,0.0,codon=GTC
R3-1,cds,F9,R445C,C_r10.4_sup,PASS,C,221,0.0,codon=TGC
R3-1,cds,G9,H448A,C_r10.4_sup,PASS,A,658,0.0,codon=GCC
R3-1,cds,H9,E496D,C_r10.4_sup,PASS,D,1634,0.0,codon=GAT
R3-1,cds,A10,G507C,C_r10.4_sup,PASS,C,501,0.0,codon=TGC
R3-1,cds,B10,H531D,C_r10.4_sup,PASS,D,1272,0.0,codon=GAT
R3-1,cds,C10,N532D,C_r10.4_sup,PASS,D,2928,0.0,codon=GAT
R3-1,cds,D10,E541D,C_r10.4_sup,PASS,D,1286,0.0,codon=GAT
R3-1,cds,E10,L542N,C_r10.4_sup,PASS,N,489,0.0,codon=AAC
R3-1,cds,F10,L542I,C_r10.4_sup,PASS,I,211,0.0,codon=ATT
R3-1,cds,G10,V550I,C_r10.4_sup,PASS,I,1547,0.0,codon=ATT
R3-1,cds,H10,T552W,C_r10.4_sup,PASS,W,2495,0.0,codon=TGG
R3-1,cds,A11,T552S,C_r10.4_sup,PASS,S,199,0.0,codon=AGC
R3-1,cds,B11,I555V,C_r10.4_sup,PASS,V,552,0.0,codon=GTT
R3-1,cds,C11,I555C,C_r10.4_sup,PASS,C,769,0.0,codon=TGT
R3-1,cds,D11,I555L,C_r10.4_sup,PASS,L,557,0.0,codon=CTT
R3-1,cds,E11,L556I,C_r10.4_sup,PASS,I,261,0.0,codon=ATT
R3-1,cds,F11,L556F,C_r10.4_sup,PASS,F,136,0.0,codon=TTT
R3-1,cds,G11,R560D,C_r10.4_sup,WRONG_AA_STILL_WT,R,527,0.0,codon=CGC
R3-1,cds,H11,R560N,C_r10.4_sup,WRONG_AA_STILL_WT,R,631,0.0,codon=CGC
R3-1,cds,A12,R560E,C_r10.4_sup,WRONG_AA_STILL_WT,R,115,0.0,codon=CGC
R3-1,cds,B12,R560Q,C_r10.4_sup,WRONG_AA_STILL_WT,R,581,0.0,codon=CGC
R3-1,cds,C12,R560K,C_r10.4_sup,WRONG_AA_STILL_WT,R,1246,0.0,codon=CGC
R3-1,cds,D12,R560L,C_r10.4_sup,WRONG_AA_STILL_WT,R,809,0.0,codon=CGC
R3-1,cds,E12,R560T,C_r10.4_sup,WRONG_AA,P,292,0.0,codon=CCT
R3-1,cds,F12,R560V,C_r10.4_sup,WRONG_AA_STILL_WT,R,118,0.0,codon=CGC
R3-1,cds,G12,R560M,C_r10.4_sup,WRONG_AA_STILL_WT,R,647,0.0,codon=CGC
R2,cds,A1,V5F,A,PASS,V5F,,,
R2,cds,A1,V5F,Ap,PASS,V5F,,,
R2,cds,A1,V5F,B,PASS,F,127,0.0,pos13:del=20;pos14:del=1;pos15:del=4
R2,cds,A1,V5F,C_r10.4_sup,PASS,F,,0.0,codon=TTT
R2,cds,A1,V5F,C_bayesian_default,PASS,F,,0.0,codon=TTT
R2,cds,A10,R477Q,A,PASS,R477Q,,,
R2,cds,A10,R477Q,Ap,PASS,R477Q,,,
R2,cds,A10,R477Q,B,PASS,Q,59,0.0167,pos1430:del=1;pos1431:del=2
R2,cds,A10,R477Q,C_r10.4_sup,PASS,Q,,0.0,codon=CAG
R2,cds,A10,R477Q,C_bayesian_default,PASS,Q,,0.0,codon=CAG
R2,cds,A11,Q525N,A,PASS,Q525N,,,
R2,cds,A11,Q525N,Ap,PASS,Q525N,,,
R2,cds,A11,Q525N,B,PASS,N,38,0.0526,pos1575:ins=1
R2,cds,A11,Q525N,C_r10.4_sup,PASS,N,,0.0,codon=AAC
R2,cds,A11,Q525N,C_bayesian_default,PASS,N,,0.0,codon=AAC
R2,cds,A12,T552L,A,PASS,T552L,,,
R2,cds,A12,T552L,Ap,PASS,T552L,,,
R2,cds,A12,T552L,B,PASS,L,42,0.0238,pos1654:del=1
R2,cds,A12,T552L,C_r10.4_sup,PASS,L,,0.0,codon=CTC
R2,cds,A12,T552L,C_bayesian_default,PASS,L,,0.0,codon=CTC
R2,cds,A2,K53R,A,PASS,K53R,,,
R2,cds,A2,K53R,Ap,PASS,K53R,,,
R2,cds,A2,K53R,B,PASS,R,30,0.0,
R2,cds,A2,K53R,C_r10.4_sup,PASS,R,,0.0,codon=CGC
R2,cds,A2,K53R,C_bayesian_default,PASS,R,,0.0,codon=CGC
R2,cds,A3,R87P,A,LOWDEPTH,,,,
R2,cds,A3,R87P,Ap,LOWDEPTH,,,,
R2,cds,A3,R87P,B,LOWDEPTH,R,28,0.0,
R2,cds,A3,R87P,C_r10.4_sup,WRONG_AA_STILL_WT,R,,0.0,codon=CGT
R2,cds,A3,R87P,C_bayesian_default,WRONG_AA_STILL_WT,R,,0.0,codon=CGT
R2,cds,A4,Q132M,A,PASS,Q132M,,,
R2,cds,A4,Q132M,Ap,PASS,Q132M,,,
R2,cds,A4,Q132M,B,PASS,M,56,0.0179,pos395:ins=1
R2,cds,A4,Q132M,C_r10.4_sup,PASS,M,,0.0,codon=ATG
R2,cds,A4,Q132M,C_bayesian_default,PASS,M,,0.0,codon=ATG
R2,cds,A5,V218L,A,LOWDEPTH,,,,
R2,cds,A5,V218L,Ap,LOWDEPTH,,,,
R2,cds,A5,V218L,B,NO_CALL,,0,0.0,pos653:no_calls(del=24)
R2,cds,A5,V218L,C_r10.4_sup,WRONG_AA,W,,0.0,codon=TGG
R2,cds,A5,V218L,C_bayesian_default,WRONG_AA,W,,0.0,codon=TGG
R2,cds,A6,V248L,A,PASS,V248L,,,
R2,cds,A6,V248L,Ap,PASS,V248L,,,
R2,cds,A6,V248L,B,PASS,L,42,0.0227,pos742:del=1;pos743:del=1
R2,cds,A6,V248L,C_r10.4_sup,PASS,L,,0.0,codon=CTG
R2,cds,A6,V248L,C_bayesian_default,PASS,L,,0.0,codon=CTG
R2,cds,A7,T267H,A,LOWDEPTH,"V263M, T267H",,,
R2,cds,A7,T267H,Ap,LOWDEPTH,"V263M, T267H",,,
R2,cds,A7,T267H,B,LOWDEPTH,H,24,0.04,pos800:ins=1
R2,cds,A7,T267H,C_r10.4_sup,PASS,H,,0.0,codon=CAT
R2,cds,A7,T267H,C_bayesian_default,PASS,H,,0.0,codon=CAT
R2,cds,A8,Y360F,A,LOWDEPTH,,,,
R2,cds,A8,Y360F,Ap,LOWDEPTH,,,,
R2,cds,A8,Y360F,B,LOWDEPTH,Y,4,0.0,
R2,cds,A8,Y360F,C_r10.4_sup,WRONG_AA_STILL_WT,Y,,0.0,codon=TAT
R2,cds,A8,Y360F,C_bayesian_default,WRONG_AA_STILL_WT,Y,,0.003,codon=TAT
R2,cds,A9,Q426N,A,PASS,Q426N,,,
R2,cds,A9,Q426N,Ap,PASS,Q426N,,,
R2,cds,A9,Q426N,B,PASS,N,42,0.0698,pos1278:ins=1
R2,cds,A9,Q426N,C_r10.4_sup,PASS,N,,0.0,codon=AAC
R2,cds,A9,Q426N,C_bayesian_default,PASS,N,,0.0,codon=AAC
R2,cds,B1,V10L,A,PASS,V10L,,,
R2,cds,B1,V10L,Ap,PASS,V10L,,,
R2,cds,B1,V10L,B,PASS,L,104,0.0,pos30:del=1
R2,cds,B1,V10L,C_r10.4_sup,PASS,L,,0.0,codon=CTG
R2,cds,B1,V10L,C_bayesian_default,PASS,L,,0.0,codon=CTG
R2,cds,B10,R477H,A,PASS,R477H,,,
R2,cds,B10,R477H,Ap,PASS,R477H,,,
R2,cds,B10,R477H,B,PASS,H,41,0.0,
R2,cds,B10,R477H,C_r10.4_sup,PASS,H,,0.0,codon=CAT
R2,cds,B10,R477H,C_bayesian_default,PASS,H,,0.0,codon=CAT
R2,cds,B11,T537A,A,PASS,T537A,,,
R2,cds,B11,T537A,Ap,PASS,T537A,,,
R2,cds,B11,T537A,B,LOWDEPTH,A,29,0.1034,pos1611:del=1
R2,cds,B11,T537A,C_r10.4_sup,PASS,A,,0.0,codon=GCC
R2,cds,B11,T537A,C_bayesian_default,PASS,A,,0.0,codon=GCC
R2,cds,B12,L556W,A,PASS,L556W,,,
R2,cds,B12,L556W,Ap,PASS,L556W,,,
R2,cds,B12,L556W,B,PASS,W,40,0.075,pos1666:del=1
R2,cds,B12,L556W,C_r10.4_sup,PASS,W,,0.0,codon=TGG
R2,cds,B12,L556W,C_bayesian_default,PASS,W,,0.0,codon=TGG
R2,cds,B2,K53S,A,PASS,K53S,,,
R2,cds,B2,K53S,Ap,PASS,K53S,,,
R2,cds,B2,K53S,B,PASS,S,43,0.0233,pos159:ins=1
R2,cds,B2,K53S,C_r10.4_sup,PASS,S,,0.0,codon=AGC
R2,cds,B2,K53S,C_bayesian_default,PASS,S,,0.0,codon=AGC
R2,cds,B3,R93A,A,NO_CALL,,,,
R2,cds,B3,R93A,Ap,NO_CALL,,,,
R2,cds,B3,R93A,B,LOWDEPTH,R,1,0.0,pos279:del=61
R2,cds,B3,R93A,C_r10.4_sup,WRONG_AA,T,,0.0,codon=ACG
R2,cds,B3,R93A,C_bayesian_default,WRONG_AA,T,,0.0,codon=ACG
R2,cds,B4,Q132W,A,PASS,Q132W,,,
R2,cds,B4,Q132W,Ap,PASS,Q132W,,,
R2,cds,B4,Q132W,B,PASS,W,76,0.0132,pos394:del=1;pos395:del=1
R2,cds,B4,Q132W,C_r10.4_sup,PASS,W,,0.0,codon=TGG
R2,cds,B4,Q132W,C_bayesian_default,PASS,W,,0.0,codon=TGG
R2,cds,B5,S220F,A,LOWDEPTH,S220F,,,
R2,cds,B5,S220F,Ap,LOWDEPTH,S220F,,,
R2,cds,B5,S220F,B,LOWDEPTH,F,20,0.0,
R2,cds,B5,S220F,C_r10.4_sup,PASS,F,,0.0,codon=TTT
R2,cds,B5,S220F,C_bayesian_default,PASS,F,,0.0,codon=TTT
R2,cds,B6,R251W,A,PASS,R251W,,,
R2,cds,B6,R251W,Ap,PASS,R251W,,,
R2,cds,B6,R251W,B,PASS,W,36,0.0278,
R2,cds,B6,R251W,C_r10.4_sup,PASS,W,,0.0,codon=TGG
R2,cds,B6,R251W,C_bayesian_default,PASS,W,,0.0,codon=TGG
R2,cds,B7,H270N,A,LOWDEPTH,H270N,,,
R2,cds,B7,H270N,Ap,LOWDEPTH,H270N,,,
R2,cds,B7,H270N,B,LOWDEPTH,N,26,0.1154,
R2,cds,B7,H270N,C_r10.4_sup,PASS,N,,0.0,codon=AAC
R2,cds,B7,H270N,C_bayesian_default,NO_CALL,,,0.0006,codon=NAC
R2,cds,B8,T397V,A,PASS,T397V,,,
R2,cds,B8,T397V,Ap,PASS,T397V,,,
R2,cds,B8,T397V,B,PASS,V,105,0.0187,pos1191:ins=1
R2,cds,B8,T397V,C_r10.4_sup,PASS,V,,0.0,codon=GTT
R2,cds,B8,T397V,C_bayesian_default,PASS,V,,0.0,codon=GTT
R2,cds,B9,I428V,A,AMBIGUOUS,"A423P, I428V",,,
R2,cds,B9,I428V,Ap,AMBIGUOUS,"A423P, I428V",,,
R2,cds,B9,I428V,B,PASS,V,30,0.1333,
R2,cds,B9,I428V,C_r10.4_sup,PASS,V,,0.0,codon=GTC
R2,cds,B9,I428V,C_bayesian_default,NO_CALL,,,0.0006,codon=NTC
R2,cds,C1,S11E,A,PASS,S11E,,,
R2,cds,C1,S11E,Ap,PASS,S11E,,,
R2,cds,C1,S11E,B,PASS,E,157,0.0,
R2,cds,C1,S11E,C_r10.4_sup,PASS,E,,0.0,codon=GAA
R2,cds,C1,S11E,C_bayesian_default,PASS,E,,0.0,codon=GAA
R2,cds,C10,R477A,A,PASS,R477A,,,
R2,cds,C10,R477A,Ap,PASS,R477A,,,
R2,cds,C10,R477A,B,PASS,A,57,0.0517,pos1429:del=1;pos1430:ins=1
R2,cds,C10,R477A,C_r10.4_sup,PASS,A,,0.0,codon=GCT
R2,cds,C10,R477A,C_bayesian_default,PASS,A,,0.0,codon=GCT
R2,cds,C11,V547I,A,PASS,V547I,,,
R2,cds,C11,V547I,Ap,PASS,V547I,,,
R2,cds,C11,V547I,B,PASS,I,38,0.0263,
R2,cds,C11,V547I,C_r10.4_sup,PASS,I,,0.0,codon=ATT
R2,cds,C11,V547I,C_bayesian_default,PASS,I,,0.0,codon=ATT
R2,cds,C12,E559D,A,PASS,E559D,,,
R2,cds,C12,E559D,Ap,PASS,E559D,,,
R2,cds,C12,E559D,B,PASS,D,53,0.0545,pos1675:del=1
R2,cds,C12,E559D,C_r10.4_sup,PASS,D,,0.0,codon=GAT
R2,cds,C12,E559D,C_bayesian_default,PASS,D,,0.0,codon=GAT
R2,cds,C2,K53N,A,PASS,K53N,,,
R2,cds,C2,K53N,Ap,PASS,K53N,,,
R2,cds,C2,K53N,B,PASS,N,36,0.0,
R2,cds,C2,K53N,C_r10.4_sup,PASS,N,,0.0,codon=AAC
R2,cds,C2,K53N,C_bayesian_default,PASS,N,,0.0,codon=AAC
R2,cds,C3,V100F,A,PASS,V100F,,,
R2,cds,C3,V100F,Ap,PASS,V100F,,,
R2,cds,C3,V100F,B,PASS,F,51,0.0,
R2,cds,C3,V100F,C_r10.4_sup,PASS,F,,0.0,codon=TTT
R2,cds,C3,V100F,C_bayesian_default,PASS,F,,0.0,codon=TTT
R2,cds,C4,H183W,A,PASS,H183W,,,
R2,cds,C4,H183W,Ap,PASS,H183W,,,
R2,cds,C4,H183W,B,PASS,W,63,0.0312,pos547:del=1;pos548:del=1;pos549:del=1
R2,cds,C4,H183W,C_r10.4_sup,PASS,W,,0.0,codon=TGG
R2,cds,C4,H183W,C_bayesian_default,PASS,W,,0.0,codon=TGG
R2,cds,C5,E222D,A,LOWDEPTH,R225K,,,
R2,cds,C5,E222D,Ap,LOWDEPTH,R225K,,,
R2,cds,C5,E222D,B,LOWDEPTH,E,19,0.0,
R2,cds,C5,E222D,C_r10.4_sup,FRAMESHIFT,,,0.0,len=1682(expected 1683)
R2,cds,C5,E222D,C_bayesian_default,FRAMESHIFT,,,0.0,len=1682(expected 1683)
R2,cds,C6,R254I,A,PASS,R254I,,,
R2,cds,C6,R254I,Ap,PASS,R254I,,,
R2,cds,C6,R254I,B,PASS,I,66,0.0455,
R2,cds,C6,R254I,C_r10.4_sup,PASS,I,,0.0,codon=ATT
R2,cds,C6,R254I,C_bayesian_default,PASS,I,,0.0,codon=ATT
R2,cds,C7,V286I,A,LOWDEPTH,V286I,,,
R2,cds,C7,V286I,Ap,LOWDEPTH,V286I,,,
R2,cds,C7,V286I,B,LOWDEPTH,I,19,0.0,
R2,cds,C7,V286I,C_r10.4_sup,PASS,I,,0.0,codon=ATT
R2,cds,C7,V286I,C_bayesian_default,PASS,I,,0.0,codon=ATT
R2,cds,C8,D401E,A,PASS,D401E,,,
R2,cds,C8,D401E,Ap,PASS,D401E,,,
R2,cds,C8,D401E,B,PASS,E,155,0.0645,pos1201:ins=1;pos1203:del=1
R2,cds,C8,D401E,C_r10.4_sup,PASS,E,,0.0,codon=GAA
R2,cds,C8,D401E,C_bayesian_default,PASS,E,,0.0,codon=GAA
R2,cds,C9,I442V,A,PASS,I442V,,,
R2,cds,C9,I442V,Ap,PASS,I442V,,,
R2,cds,C9,I442V,B,PASS,V,47,0.0417,pos1324:del=1;pos1325:del=1;pos1326:del=1
R2,cds,C9,I442V,C_r10.4_sup,PASS,V,,0.0,codon=GTT
R2,cds,C9,I442V,C_bayesian_default,PASS,V,,0.0,codon=GTT
R2,cds,D1,N28T,A,PASS,N28T,,,
R2,cds,D1,N28T,Ap,PASS,N28T,,,
R2,cds,D1,N28T,B,PASS,T,211,0.0047,pos82:del=1;pos83:del=1
R2,cds,D1,N28T,C_r10.4_sup,PASS,T,,0.0,codon=ACC
R2,cds,D1,N28T,C_bayesian_default,PASS,T,,0.0,codon=ACC
R2,cds,D10,T478L,A,PASS,T478L,,,
R2,cds,D10,T478L,Ap,PASS,T478L,,,
R2,cds,D10,T478L,B,PASS,L,51,0.0,
R2,cds,D10,T478L,C_r10.4_sup,PASS,L,,0.0,codon=CTC
R2,cds,D10,T478L,C_bayesian_default,PASS,L,,0.0,codon=CTC
R2,cds,D11,V550P,A,PASS,V550P,,,
R2,cds,D11,V550P,Ap,PASS,V550P,,,
R2,cds,D11,V550P,B,PASS,P,56,0.0357,pos1648:del=1;pos1649:del=3;pos1650:del=3
R2,cds,D11,V550P,C_r10.4_sup,PASS,P,,0.0,codon=CCG
R2,cds,D11,V550P,C_bayesian_default,PASS,P,,0.0,codon=CCG
R2,cds,D12,R560G,A,PASS,R560G,,,
R2,cds,D12,R560G,Ap,PASS,R560G,,,
R2,cds,D12,R560G,B,PASS,G,82,0.0,
R2,cds,D12,R560G,C_r10.4_sup,PASS,G,,0.0,codon=GGC
R2,cds,D12,R560G,C_bayesian_default,PASS,G,,0.0,codon=GGC
R2,cds,D2,I62C,A,PASS,I62C,,,
R2,cds,D2,I62C,Ap,PASS,I62C,,,
R2,cds,D2,I62C,B,PASS,C,70,0.0141,pos185:del=1
R2,cds,D2,I62C,C_r10.4_sup,PASS,C,,0.0,codon=TGC
R2,cds,D2,I62C,C_bayesian_default,PASS,C,,0.0,codon=TGC
R2,cds,D3,V108F,A,PASS,V108F,,,
R2,cds,D3,V108F,Ap,PASS,V108F,,,
R2,cds,D3,V108F,B,PASS,F,71,0.0133,pos324:del=1
R2,cds,D3,V108F,C_r10.4_sup,PASS,F,,0.0,codon=TTT
R2,cds,D3,V108F,C_bayesian_default,PASS,F,,0.0,codon=TTT
R2,cds,D4,E189D,A,PASS,E189D,,,
R2,cds,D4,E189D,Ap,PASS,E189D,,,
R2,cds,D4,E189D,B,PASS,D,74,0.0135,
R2,cds,D4,E189D,C_r10.4_sup,PASS,D,,0.0,codon=GAT
R2,cds,D4,E189D,C_bayesian_default,PASS,D,,0.0,codon=GAT
R2,cds,D5,R225K,A,PASS,R225K,,,
R2,cds,D5,R225K,Ap,PASS,R225K,,,
R2,cds,D5,R225K,B,PASS,K,39,0.0,pos673:del=2;pos674:del=2;pos675:del=2
R2,cds,D5,R225K,C_r10.4_sup,PASS,K,,0.0,codon=AAA
R2,cds,D5,R225K,C_bayesian_default,PASS,K,,0.0,codon=AAA
R2,cds,D6,R254L,A,PASS,R254L,,,
R2,cds,D6,R254L,Ap,PASS,R254L,,,
R2,cds,D6,R254L,B,PASS,L,63,0.0615,pos761:del=2
R2,cds,D6,R254L,C_r10.4_sup,PASS,L,,0.0,codon=CTG
R2,cds,D6,R254L,C_bayesian_default,PASS,L,,0.0,codon=CTG
R2,cds,D7,V299I,A,PASS,V299I,,,
R2,cds,D7,V299I,Ap,PASS,V299I,,,
R2,cds,D7,V299I,B,PASS,I,35,0.0,
R2,cds,D7,V299I,C_r10.4_sup,PASS,I,,0.0,codon=ATT
R2,cds,D7,V299I,C_bayesian_default,PASS,I,,0.0,codon=ATT
R2,cds,D8,K409M,A,PASS,K409M,,,
R2,cds,D8,K409M,Ap,PASS,K409M,,,
R2,cds,D8,K409M,B,PASS,M,159,0.0189,
R2,cds,D8,K409M,C_r10.4_sup,PASS,M,,0.0,codon=ATG
R2,cds,D8,K409M,C_bayesian_default,PASS,M,,0.0,codon=ATG
R2,cds,D9,H448L,A,PASS,H448L,,,
R2,cds,D9,H448L,Ap,PASS,H448L,,,
R2,cds,D9,H448L,B,PASS,L,51,0.0385,
R2,cds,D9,H448L,C_r10.4_sup,PASS,L,,0.0,codon=CTC
R2,cds,D9,H448L,C_bayesian_default,PASS,L,,0.0,codon=CTC
R2,cds,E1,D31N,A,PASS,D31N,,,
R2,cds,E1,D31N,Ap,PASS,D31N,,,
R2,cds,E1,D31N,B,PASS,N,99,0.0101,
R2,cds,E1,D31N,C_r10.4_sup,PASS,N,,0.0,codon=AAT
R2,cds,E1,D31N,C_bayesian_default,PASS,N,,0.0,codon=AAT
R2,cds,E10,T478F,A,PASS,T478F,,,
R2,cds,E10,T478F,Ap,PASS,T478F,,,
R2,cds,E10,T478F,B,PASS,F,44,0.0,
R2,cds,E10,T478F,C_r10.4_sup,PASS,F,,0.0,codon=TTC
R2,cds,E10,T478F,C_bayesian_default,PASS,F,,0.0,codon=TTC
R2,cds,E11,V550C,A,LOWDEPTH,V550L,,,
R2,cds,E11,V550C,Ap,LOWDEPTH,V550L,,,
R2,cds,E11,V550C,B,LOWDEPTH,L,20,0.0909,
R2,cds,E11,V550C,C_r10.4_sup,WRONG_AA,L,,0.0,codon=CTT
R2,cds,E11,V550C,C_bayesian_default,WRONG_AA,L,,0.0,codon=CTT
R2,cds,E12,R560A,A,LOWDEPTH,,,,
R2,cds,E12,R560A,Ap,LOWDEPTH,,,,
R2,cds,E12,R560A,B,NO_CALL,,0,,pos1678:no_calls(del=0);pos1679:no_calls(del=0);pos1680:no_calls(del=0)
R2,cds,E12,R560A,C_r10.4_sup,FRAMESHIFT,,,0.0006,len=1678(expected 1683)
R2,cds,E12,R560A,C_bayesian_default,FRAMESHIFT,,,0.0006,len=1678(expected 1683)
R2,cds,E2,N63S,A,PASS,N63S,,,
R2,cds,E2,N63S,Ap,PASS,N63S,,,
R2,cds,E2,N63S,B,LOWDEPTH,S,26,0.037,pos187:del=1
R2,cds,E2,N63S,C_r10.4_sup,PASS,S,,0.0,codon=TCC
R2,cds,E2,N63S,C_bayesian_default,PASS,S,,0.0,codon=TCC
R2,cds,E3,V108I,A,PASS,V108I,,,
R2,cds,E3,V108I,Ap,PASS,V108I,,,
R2,cds,E3,V108I,B,PASS,I,42,0.0476,
R2,cds,E3,V108I,C_r10.4_sup,PASS,I,,0.0,codon=ATT
R2,cds,E3,V108I,C_bayesian_default,PASS,I,,0.0,codon=ATT
R2,cds,E4,H209C,A,PASS,H209C,,,
R2,cds,E4,H209C,Ap,PASS,H209C,,,
R2,cds,E4,H209C,B,PASS,C,65,0.0308,
R2,cds,E4,H209C,C_r10.4_sup,PASS,C,,0.0,codon=TGT
R2,cds,E4,H209C,C_bayesian_default,PASS,C,,0.0006,codon=TGT
R2,cds,E5,R225L,A,LOWDEPTH,R225L,,,
R2,cds,E5,R225L,Ap,LOWDEPTH,R225L,,,
R2,cds,E5,R225L,B,LOWDEPTH,L,15,0.0,
R2,cds,E5,R225L,C_r10.4_sup,PASS,L,,0.0,codon=CTG
R2,cds,E5,R225L,C_bayesian_default,PASS,L,,0.0,codon=CTG
R2,cds,E6,T256A,A,PASS,T256A,,,
R2,cds,E6,T256A,Ap,PASS,T256A,,,
R2,cds,E6,T256A,B,PASS,A,42,0.0233,
R2,cds,E6,T256A,C_r10.4_sup,PASS,A,,0.0,codon=GCG
R2,cds,E6,T256A,C_bayesian_default,PASS,A,,0.0006,codon=GCG
R2,cds,E7,I308V,A,LOWDEPTH,I308V,,,
R2,cds,E7,I308V,Ap,LOWDEPTH,I308V,,,
R2,cds,E7,I308V,B,LOWDEPTH,V,5,0.0,
R2,cds,E7,I308V,C_r10.4_sup,PASS,V,,0.0,codon=GTG
R2,cds,E7,I308V,C_bayesian_default,PASS,V,,0.0,codon=GTG
R2,cds,E8,K409S,A,AMBIGUOUS,"F404L, K409S",,,
R2,cds,E8,K409S,Ap,AMBIGUOUS,"F404L, K409S",,,
R2,cds,E8,K409S,B,PASS,S,72,0.0411,
R2,cds,E8,K409S,C_r10.4_sup,PASS,S,,0.0,codon=AGC
R2,cds,E8,K409S,C_bayesian_default,PASS,S,,0.0,codon=AGC
R2,cds,E9,H448M,A,LOWDEPTH,H448M,,,
R2,cds,E9,H448M,Ap,LOWDEPTH,H448M,,,
R2,cds,E9,H448M,B,LOWDEPTH,M,5,0.2,
R2,cds,E9,H448M,C_r10.4_sup,PASS,M,,0.0,codon=ATG
R2,cds,E9,H448M,C_bayesian_default,NO_CALL,,,0.003,codon=NNN
R2,cds,F1,I44V,A,PASS,I44V,,,
R2,cds,F1,I44V,Ap,PASS,I44V,,,
R2,cds,F1,I44V,B,PASS,V,172,0.0058,
R2,cds,F1,I44V,C_r10.4_sup,PASS,V,,0.0,codon=GTT
R2,cds,F1,I44V,C_bayesian_default,PASS,V,,0.0,codon=GTT
R2,cds,F10,T478C,A,PASS,T478C,,,
R2,cds,F10,T478C,Ap,PASS,T478C,,,
R2,cds,F10,T478C,B,PASS,C,62,0.0161,
R2,cds,F10,T478C,C_r10.4_sup,PASS,C,,0.0,codon=TGC
R2,cds,F10,T478C,C_bayesian_default,PASS,C,,0.0,codon=TGC
R2,cds,F11,I551L,A,PASS,I551L,,,
R2,cds,F11,I551L,Ap,PASS,I551L,,,
R2,cds,F11,I551L,B,PASS,L,36,0.027,pos1652:ins=1
R2,cds,F11,I551L,C_r10.4_sup,PASS,L,,0.0,codon=CTT
R2,cds,F11,I551L,C_bayesian_default,PASS,L,,0.0,codon=CTT
R2,cds,F12,R560S,A,PASS,R560S,,,
R2,cds,F12,R560S,Ap,PASS,R560S,,,
R2,cds,F12,R560S,B,PASS,S,47,0.0638,
R2,cds,F12,R560S,C_r10.4_sup,PASS,S,,0.0,codon=AGC
R2,cds,F12,R560S,C_bayesian_default,PASS,S,,0.0,codon=AGC
R2,cds,F2,N63F,A,PASS,N63F,,,
R2,cds,F2,N63F,Ap,PASS,N63F,,,
R2,cds,F2,N63F,B,PASS,F,55,0.0,pos187:del=1;pos188:del=1
R2,cds,F2,N63F,C_r10.4_sup,PASS,F,,0.0,codon=TTC
R2,cds,F2,N63F,C_bayesian_default,PASS,F,,0.0,codon=TTC
R2,cds,F3,V108L,A,PASS,V108L,,,
R2,cds,F3,V108L,Ap,PASS,V108L,,,
R2,cds,F3,V108L,B,PASS,L,34,0.0,
R2,cds,F3,V108L,C_r10.4_sup,PASS,L,,0.0,codon=CTG
R2,cds,F3,V108L,C_bayesian_default,PASS,L,,0.0,codon=CTG
R2,cds,F4,Q213T,A,PASS,Q213T,,,
R2,cds,F4,Q213T,Ap,PASS,Q213T,,,
R2,cds,F4,Q213T,B,PASS,T,60,0.0333,pos637:del=1;pos638:del=1;pos639:del=1
R2,cds,F4,Q213T,C_r10.4_sup,PASS,T,,0.0,codon=ACC
R2,cds,F4,Q213T,C_bayesian_default,PASS,T,,0.0,codon=ACC
R2,cds,F5,R225Q,A,PASS,R225Q,,,
R2,cds,F5,R225Q,Ap,PASS,R225Q,,,
R2,cds,F5,R225Q,B,PASS,Q,36,0.027,pos675:del=1
R2,cds,F5,R225Q,C_r10.4_sup,PASS,Q,,0.0,codon=CAG
R2,cds,F5,R225Q,C_bayesian_default,PASS,Q,,0.0,codon=CAG
R2,cds,F6,R261W,A,PASS,R261W,,,
R2,cds,F6,R261W,Ap,PASS,R261W,,,
R2,cds,F6,R261W,B,PASS,W,45,0.0,
R2,cds,F6,R261W,C_r10.4_sup,PASS,W,,0.0,codon=TGG
R2,cds,F6,R261W,C_bayesian_default,PASS,W,,0.0,codon=TGG
R2,cds,F7,V334I,A,LOWDEPTH,V334I,,,
R2,cds,F7,V334I,Ap,LOWDEPTH,V334I,,,
R2,cds,F7,V334I,B,LOWDEPTH,I,3,0.0,
R2,cds,F7,V334I,C_r10.4_sup,PASS,I,,0.0,codon=ATT
R2,cds,F7,V334I,C_bayesian_default,PASS,I,,0.0,codon=ATT
R2,cds,F8,V424W,A,PASS,V424W,,,
R2,cds,F8,V424W,Ap,PASS,V424W,,,
R2,cds,F8,V424W,B,PASS,W,159,0.0248,
R2,cds,F8,V424W,C_r10.4_sup,PASS,W,,0.0,codon=TGG
R2,cds,F8,V424W,C_bayesian_default,PASS,W,,0.0,codon=TGG
R2,cds,F9,H448I,A,PASS,H448I,,,
R2,cds,F9,H448I,Ap,PASS,H448I,,,
R2,cds,F9,H448I,B,PASS,I,39,0.05,
R2,cds,F9,H448I,C_r10.4_sup,PASS,I,,0.0,codon=ATC
R2,cds,F9,H448I,C_bayesian_default,PASS,I,,0.0,codon=ATC
R2,cds,G1,V46I,A,PASS,V46I,,,
R2,cds,G1,V46I,Ap,PASS,V46I,,,
R2,cds,G1,V46I,B,PASS,I,130,0.0154,pos136:del=1;pos136:ins=1;pos137:del=1
R2,cds,G1,V46I,C_r10.4_sup,PASS,I,,0.0,codon=ATT
R2,cds,G1,V46I,C_bayesian_default,PASS,I,,0.0,codon=ATT
R2,cds,G10,T487N,A,PASS,T487N,,,
R2,cds,G10,T487N,Ap,PASS,T487N,,,
R2,cds,G10,T487N,B,PASS,N,52,0.0385,pos1460:del=1;pos1461:del=1
R2,cds,G10,T487N,C_r10.4_sup,PASS,N,,0.0,codon=AAC
R2,cds,G10,T487N,C_bayesian_default,PASS,N,,0.0,codon=AAC
R2,cds,G11,T552F,A,PASS,T552F,,,
R2,cds,G11,T552F,Ap,PASS,T552F,,,
R2,cds,G11,T552F,B,PASS,F,35,0.0556,pos1654:del=1
R2,cds,G11,T552F,C_r10.4_sup,PASS,F,,0.0,codon=TTC
R2,cds,G11,T552F,C_bayesian_default,PASS,F,,0.0,codon=TTC
R2,cds,G12,R560P,A,PASS,R560P,,,
R2,cds,G12,R560P,Ap,PASS,R560P,,,
R2,cds,G12,R560P,B,PASS,P,50,0.0,
R2,cds,G12,R560P,C_r10.4_sup,PASS,P,,0.0,codon=CCC
R2,cds,G12,R560P,C_bayesian_default,PASS,P,,0.0,codon=CCC
R2,cds,G2,N64W,A,LOWDEPTH,,,,
R2,cds,G2,N64W,Ap,LOWDEPTH,,,,
R2,cds,G2,N64W,B,LOWDEPTH,N,1,0.0,
R2,cds,G2,N64W,C_r10.4_sup,FRAMESHIFT,,,0.0238,len=1682(expected 1683)
R2,cds,G2,N64W,C_bayesian_default,FRAMESHIFT,,,0.0161,len=1682(expected 1683)
R2,cds,G3,S112M,A,LOWDEPTH,,,,
R2,cds,G3,S112M,Ap,LOWDEPTH,,,,
R2,cds,G3,S112M,B,LOWDEPTH,S,1,0.0,
R2,cds,G3,S112M,C_r10.4_sup,FRAMESHIFT,,,0.0018,len=1688(expected 1683)
R2,cds,G3,S112M,C_bayesian_default,FRAMESHIFT,,,0.0018,len=1688(expected 1683)
R2,cds,G4,R214P,A,PASS,R214P,,,
R2,cds,G4,R214P,Ap,PASS,R214P,,,
R2,cds,G4,R214P,B,PASS,P,69,0.0,
R2,cds,G4,R214P,C_r10.4_sup,PASS,P,,0.0,codon=CCG
R2,cds,G4,R214P,C_bayesian_default,PASS,P,,0.0,codon=CCG
R2,cds,G5,K227I,A,PASS,K227I,,,
R2,cds,G5,K227I,Ap,PASS,K227I,,,
R2,cds,G5,K227I,B,PASS,I,34,0.0294,
R2,cds,G5,K227I,C_r10.4_sup,PASS,I,,0.0,codon=ATT
R2,cds,G5,K227I,C_bayesian_default,PASS,I,,0.0,codon=ATT
R2,cds,G6,R261N,A,WRONG_AA,,,,
R2,cds,G6,R261N,Ap,WRONG_AA,,,,
R2,cds,G6,R261N,B,WRONG_AA_STILL_WT,R,57,0.0,pos783:del=1
R2,cds,G6,R261N,C_r10.4_sup,WRONG_AA_STILL_WT,R,,0.0,codon=CGC
R2,cds,G6,R261N,C_bayesian_default,WRONG_AA_STILL_WT,R,,0.0,codon=CGC
R2,cds,G7,D339E,A,LOWDEPTH,D339E,,,
R2,cds,G7,D339E,Ap,LOWDEPTH,D339E,,,
R2,cds,G7,D339E,B,LOWDEPTH,E,22,0.0,
R2,cds,G7,D339E,C_r10.4_sup,PASS,E,,0.0,codon=GAA
R2,cds,G7,D339E,C_bayesian_default,PASS,E,,0.0,codon=GAA
R2,cds,G8,Q426D,A,PASS,Q426D,,,
R2,cds,G8,Q426D,Ap,PASS,Q426D,,,
R2,cds,G8,Q426D,B,PASS,D,132,0.0152,
R2,cds,G8,Q426D,C_r10.4_sup,PASS,D,,0.0,codon=GAT
R2,cds,G8,Q426D,C_bayesian_default,PASS,D,,0.0,codon=GAT
R2,cds,G9,H448V,A,PASS,H448V,,,
R2,cds,G9,H448V,Ap,PASS,H448V,,,
R2,cds,G9,H448V,B,PASS,V,35,0.0571,pos1343:ins=1
R2,cds,G9,H448V,C_r10.4_sup,PASS,V,,0.0,codon=GTC
R2,cds,G9,H448V,C_bayesian_default,PASS,V,,0.0,codon=GTC
R2,cds,H1,Y47F,A,PASS,Y47F,,,
R2,cds,H1,Y47F,Ap,PASS,Y47F,,,
R2,cds,H1,Y47F,B,PASS,F,296,0.0034,pos139:ins=1;pos140:del=1;pos141:del=1
R2,cds,H1,Y47F,C_r10.4_sup,PASS,F,,0.0,codon=TTC
R2,cds,H1,Y47F,C_bayesian_default,PASS,F,,0.0,codon=TTC
R2,cds,H10,G508D,A,PASS,G508D,,,
R2,cds,H10,G508D,Ap,PASS,G508D,,,
R2,cds,H10,G508D,B,PASS,D,147,0.02,pos1522:del=1
R2,cds,H10,G508D,C_r10.4_sup,PASS,D,,0.0,codon=GAT
R2,cds,H10,G508D,C_bayesian_default,PASS,D,,0.0,codon=GAT
R2,cds,H11,T552Y,A,PASS,T552Y,,,
R2,cds,H11,T552Y,Ap,PASS,T552Y,,,
R2,cds,H11,T552Y,B,PASS,Y,70,0.0278,pos1656:del=1
R2,cds,H11,T552Y,C_r10.4_sup,PASS,Y,,0.0,codon=TAC
R2,cds,H11,T552Y,C_bayesian_default,PASS,Y,,0.0,codon=TAC
R2,cds,H12,WT,A,PASS,,,,
R2,cds,H12,WT,Ap,PASS,,,,
R2,cds,H12,WT,B,PASS,WT,121,,[]
R2,cds,H12,WT,C_r10.4_sup,PASS,WT,,0.0,[]
R2,cds,H12,WT,C_bayesian_default,PASS,WT,,0.0,[]
R2,cds,H2,R87M,B,NO_CALL,,,,no_bam
R2,cds,H2,R87M,C_r10.4_sup,NO_CALL,,,,no_consensus_output
R2,cds,H2,R87M,C_bayesian_default,NO_CALL,,,,no_consensus_output
R2,cds,H3,R124W,A,PASS,R124W,,,
R2,cds,H3,R124W,Ap,PASS,R124W,,,
R2,cds,H3,R124W,B,PASS,W,149,0.0067,pos370:del=1;pos372:del=1
R2,cds,H3,R124W,C_r10.4_sup,PASS,W,,0.0,codon=TGG
R2,cds,H3,R124W,C_bayesian_default,PASS,W,,0.0,codon=TGG
R2,cds,H4,L215F,A,PASS,L215F,,,
R2,cds,H4,L215F,Ap,PASS,L215F,,,
R2,cds,H4,L215F,B,PASS,F,143,0.0069,pos643:del=1
R2,cds,H4,L215F,C_r10.4_sup,PASS,F,,0.0,codon=TTT
R2,cds,H4,L215F,C_bayesian_default,PASS,F,,0.0,codon=TTT
R2,cds,H5,E228D,A,NO_CALL,,,,
R2,cds,H5,E228D,Ap,NO_CALL,,,,
R2,cds,H5,E228D,B,WRONG_AA_STILL_WT,E,89,0.022,pos683:del=2;pos683:ins=84
R2,cds,H5,E228D,C_r10.4_sup,WRONG_AA,I,,0.0,codon=ATA
R2,cds,H5,E228D,C_bayesian_default,WRONG_AA,I,,0.0,codon=ATA
R2,cds,H6,T267W,A,PASS,T267W,,,
R2,cds,H6,T267W,Ap,PASS,T267W,,,
R2,cds,H6,T267W,B,PASS,W,103,0.0291,
R2,cds,H6,T267W,C_r10.4_sup,PASS,W,,0.0,codon=TGG
R2,cds,H6,T267W,C_bayesian_default,PASS,W,,0.0,codon=TGG
R2,cds,H7,L346F,A,PASS,L346F,,,
R2,cds,H7,L346F,Ap,PASS,L346F,,,
R2,cds,H7,L346F,B,PASS,F,38,0.0,
R2,cds,H7,L346F,C_r10.4_sup,PASS,F,,0.0,codon=TTT
R2,cds,H7,L346F,C_bayesian_default,PASS,F,,0.0,codon=TTT
R2,cds,H8,Q426E,A,PASS,Q426E,,,
R2,cds,H8,Q426E,Ap,PASS,Q426E,,,
R2,cds,H8,Q426E,B,PASS,E,293,0.0273,pos1276:del=1
R2,cds,H8,Q426E,C_r10.4_sup,PASS,E,,0.0,codon=GAA
R2,cds,H8,Q426E,C_bayesian_default,PASS,E,,0.0,codon=GAA
R2,cds,H9,H448F,A,PASS,H448F,,,
R2,cds,H9,H448F,Ap,PASS,H448F,,,
R2,cds,H9,H448F,B,PASS,F,117,0.0424,
R2,cds,H9,H448F,C_r10.4_sup,PASS,F,,0.0,codon=TTT
R2,cds,H9,H448F,C_bayesian_default,PASS,F,,0.0,codon=TTT
